META;AUDUSD;utc=2026.10.08 20:22;bid=0.69599;ask=0.69612;spread_pts=13;digits=5;point=0.000010;server_minus_utc_sec=10798
D1;2026.06.04 00:00;0.71276;0.71489;0.71224;0.71329
D1;2026.06.05 00:00;0.71301;0.71437;0.70373;0.70421
D1;2026.06.08 00:00;0.70210;0.70781;0.70207;0.70444
D1;2026.06.09 00:00;0.70421;0.70706;0.70051;0.70270
D1;2026.06.10 00:00;0.70235;0.70373;0.69944;0.69956
D1;2026.06.11 00:00;0.69984;0.70551;0.69789;0.70506
D1;2026.06.12 00:00;0.70438;0.70598;0.70211;0.70454
D1;2026.06.15 00:00;0.70385;0.70884;0.70377;0.70697
D1;2026.06.16 00:00;0.70716;0.70797;0.70420;0.70660
D1;2026.06.17 00:00;0.70663;0.70753;0.69949;0.70129
D1;2026.06.18 00:00;0.70108;0.70415;0.70009;0.70130
D1;2026.06.19 00:00;0.70082;0.70242;0.69893;0.70088
D1;2026.06.22 00:00;0.70006;0.70191;0.69939;0.69997
D1;2026.06.23 00:00;0.70016;0.70049;0.69070;0.69154
D1;2026.06.24 00:00;0.69152;0.69233;0.68824;0.69003
D1;2026.06.25 00:00;0.68950;0.69274;0.68868;0.69099
D1;2026.06.26 00:00;0.69068;0.69171;0.68754;0.68913
D1;2026.06.29 00:00;0.68874;0.69043;0.68774;0.68862
D1;2026.06.30 00:00;0.68849;0.69297;0.68652;0.69185
D1;2026.07.01 00:00;0.69162;0.69196;0.68828;0.68930
D1;2026.07.02 00:00;0.68914;0.69433;0.68841;0.69220
D1;2026.07.03 00:00;0.69150;0.69495;0.69107;0.69352
D1;2026.07.06 00:00;0.69318;0.69589;0.69218;0.69559
D1;2026.07.07 00:00;0.69542;0.69603;0.69212;0.69284
D1;2026.07.08 00:00;0.69249;0.69466;0.69064;0.69302
D1;2026.07.09 00:00;0.69243;0.69470;0.69230;0.69412
D1;2026.07.10 00:00;0.69396;0.69698;0.69336;0.69529
D1;2026.07.13 00:00;0.69458;0.69495;0.69131;0.69168
D1;2026.07.14 00:00;0.69169;0.69926;0.69127;0.69739
D1;2026.07.15 00:00;0.69689;0.70212;0.69678;0.70066
D1;2026.07.16 00:00;0.70002;0.70125;0.69860;0.69975
D1;2026.07.17 00:00;0.69962;0.70011;0.69660;0.69817
D1;2026.07.20 00:00;0.69630;0.70148;0.69625;0.69987
D1;2026.07.21 00:00;0.69923;0.70267;0.69922;0.69976
D1;2026.07.22 00:00;0.69966;0.70125;0.69803;0.69970
D1;2026.07.23 00:00;0.69900;0.70211;0.69622;0.69667
D1;2026.07.24 00:00;0.69642;0.70010;0.69612;0.69808
D1;2026.07.27 00:00;0.69981;0.70112;0.69854;0.69894
D1;2026.07.28 00:00;0.69879;0.69965;0.69626;0.69736
D1;2026.07.29 00:00;0.69701;0.69887;0.69222;0.69542
D1;2026.07.30 00:00;0.69519;0.70331;0.69462;0.70292
D1;2026.07.31 00:00;0.70205;0.70445;0.69914;0.70399
D1;2026.08.03 00:00;0.70436;0.70501;0.69839;0.69998
D1;2026.08.04 00:00;0.69974;0.70484;0.69963;0.70464
D1;2026.08.05 00:00;0.70420;0.70645;0.70383;0.70568
D1;2026.08.06 00:00;0.70523;0.70603;0.70226;0.70309
D1;2026.08.07 00:00;0.70270;0.70778;0.70223;0.70648
D1;2026.08.10 00:00;0.70546;0.70742;0.70531;0.70536
D1;2026.08.11 00:00;0.70528;0.70693;0.70394;0.70616
D1;2026.08.12 00:00;0.70535;0.70911;0.70535;0.70624
D1;2026.08.13 00:00;0.70557;0.70672;0.70438;0.70593
D1;2026.08.14 00:00;0.70541;0.70957;0.70526;0.70834
D1;2026.08.17 00:00;0.70797;0.71292;0.70788;0.71031
D1;2026.08.18 00:00;0.71019;0.71197;0.70823;0.70851
D1;2026.08.19 00:00;0.70793;0.71288;0.70668;0.71250
D1;2026.08.20 00:00;0.71245;0.71327;0.71027;0.71132
D1;2026.08.21 00:00;0.71118;0.71799;0.71071;0.71698
D1;2026.08.24 00:00;0.71590;0.71768;0.71403;0.71499
D1;2026.08.25 00:00;0.71420;0.71681;0.71376;0.71648
D1;2026.08.26 00:00;0.71574;0.71887;0.71571;0.71735
D1;2026.08.27 00:00;0.71615;0.71978;0.71610;0.71947
D1;2026.08.28 00:00;0.71858;0.72077;0.71553;0.71603
D1;2026.08.31 00:00;0.71524;0.71708;0.71524;0.71661
D1;2026.09.01 00:00;0.71616;0.71807;0.71389;0.71442
D1;2026.09.02 00:00;0.71423;0.71755;0.71213;0.71690
D1;2026.09.03 00:00;0.71622;0.72080;0.71585;0.72004
D1;2026.09.04 00:00;0.71943;0.72145;0.71727;0.72048
D1;2026.09.07 00:00;0.71936;0.72246;0.71925;0.72187
D1;2026.09.08 00:00;0.72123;0.72308;0.72046;0.72162
D1;2026.09.09 00:00;0.72142;0.72377;0.72098;0.72176
D1;2026.09.10 00:00;0.72140;0.72228;0.71552;0.71563
D1;2026.09.11 00:00;0.71502;0.71875;0.71497;0.71702
D1;2026.09.14 00:00;0.71579;0.71662;0.71081;0.71396
D1;2026.09.15 00:00;0.71321;0.71412;0.71169;0.71307
D1;2026.09.16 00:00;0.71252;0.71391;0.70748;0.70867
D1;2026.09.17 00:00;0.70849;0.71258;0.70819;0.71095
D1;2026.09.18 00:00;0.71060;0.71361;0.71037;0.71240
D1;2026.09.21 00:00;0.71059;0.71401;0.71054;0.71188
D1;2026.09.22 00:00;0.71133;0.71258;0.70923;0.71145
D1;2026.09.23 00:00;0.71140;0.71170;0.70256;0.70395
D1;2026.09.24 00:00;0.70326;0.70449;0.70056;0.70111
D1;2026.09.25 00:00;0.70071;0.70427;0.70039;0.70250
D1;2026.09.28 00:00;0.70050;0.70392;0.70046;0.70167
D1;2026.09.29 00:00;0.70117;0.70289;0.69658;0.69863
D1;2026.09.30 00:00;0.69792;0.69950;0.69424;0.69440
D1;2026.10.01 00:00;0.69399;0.69562;0.69037;0.69301
D1;2026.10.02 00:00;0.69223;0.69755;0.69129;0.69547
D1;2026.10.05 00:00;0.69372;0.69736;0.69322;0.69725
D1;2026.10.06 00:00;0.69707;0.69899;0.69615;0.69832
D1;2026.10.07 00:00;0.69765;0.69843;0.69426;0.69612
H4;2026.09.03 20:00;0.72051;0.72080;0.72003;0.72004
H4;2026.09.04 00:00;0.71943;0.72067;0.71940;0.72052
H4;2026.09.04 04:00;0.72054;0.72145;0.72027;0.72099
H4;2026.09.04 08:00;0.72099;0.72118;0.71980;0.72004
H4;2026.09.04 12:00;0.72004;0.72101;0.71727;0.71932
H4;2026.09.04 16:00;0.71932;0.72124;0.71863;0.72103
H4;2026.09.04 20:00;0.72103;0.72103;0.72016;0.72048
H4;2026.09.07 00:00;0.71936;0.72112;0.71925;0.72075
H4;2026.09.07 04:00;0.72075;0.72085;0.71976;0.72052
H4;2026.09.07 08:00;0.72051;0.72246;0.72039;0.72185
H4;2026.09.07 12:00;0.72185;0.72211;0.72130;0.72156
H4;2026.09.07 16:00;0.72156;0.72223;0.72146;0.72201
H4;2026.09.07 20:00;0.72201;0.72201;0.72169;0.72187
H4;2026.09.08 00:00;0.72123;0.72233;0.72110;0.72173
H4;2026.09.08 04:00;0.72173;0.72187;0.72057;0.72167
H4;2026.09.08 08:00;0.72167;0.72216;0.72071;0.72096
H4;2026.09.08 12:00;0.72096;0.72241;0.72046;0.72237
H4;2026.09.08 16:00;0.72236;0.72308;0.72129;0.72179
H4;2026.09.08 20:00;0.72180;0.72261;0.72145;0.72162
H4;2026.09.09 00:00;0.72142;0.72266;0.72115;0.72259
H4;2026.09.09 04:00;0.72259;0.72299;0.72194;0.72299
H4;2026.09.09 08:00;0.72298;0.72377;0.72229;0.72237
H4;2026.09.09 12:00;0.72237;0.72261;0.72115;0.72230
H4;2026.09.09 16:00;0.72232;0.72337;0.72098;0.72200
H4;2026.09.09 20:00;0.72200;0.72242;0.72146;0.72176
H4;2026.09.10 00:00;0.72140;0.72228;0.72123;0.72141
H4;2026.09.10 04:00;0.72141;0.72224;0.72080;0.72187
H4;2026.09.10 08:00;0.72187;0.72207;0.72104;0.72120
H4;2026.09.10 12:00;0.72120;0.72142;0.71573;0.71647
H4;2026.09.10 16:00;0.71647;0.71725;0.71570;0.71662
H4;2026.09.10 20:00;0.71662;0.71682;0.71552;0.71563
H4;2026.09.11 00:00;0.71502;0.71657;0.71502;0.71653
H4;2026.09.11 04:00;0.71653;0.71664;0.71501;0.71607
H4;2026.09.11 08:00;0.71607;0.71759;0.71597;0.71674
H4;2026.09.11 12:00;0.71674;0.71857;0.71497;0.71855
H4;2026.09.11 16:00;0.71853;0.71875;0.71672;0.71754
H4;2026.09.11 20:00;0.71754;0.71769;0.71677;0.71702
H4;2026.09.14 00:00;0.71579;0.71662;0.71425;0.71476
H4;2026.09.14 04:00;0.71478;0.71567;0.71405;0.71505
H4;2026.09.14 08:00;0.71505;0.71507;0.71265;0.71294
H4;2026.09.14 12:00;0.71294;0.71318;0.71129;0.71136
H4;2026.09.14 16:00;0.71136;0.71489;0.71081;0.71467
H4;2026.09.14 20:00;0.71467;0.71471;0.71373;0.71396
H4;2026.09.15 00:00;0.71321;0.71412;0.71281;0.71331
H4;2026.09.15 04:00;0.71331;0.71360;0.71173;0.71208
H4;2026.09.15 08:00;0.71209;0.71283;0.71169;0.71263
H4;2026.09.15 12:00;0.71263;0.71324;0.71224;0.71275
H4;2026.09.15 16:00;0.71276;0.71346;0.71238;0.71324
H4;2026.09.15 20:00;0.71324;0.71338;0.71280;0.71307
H4;2026.09.16 00:00;0.71252;0.71321;0.71205;0.71269
H4;2026.09.16 04:00;0.71269;0.71295;0.71199;0.71292
H4;2026.09.16 08:00;0.71293;0.71365;0.71248;0.71300
H4;2026.09.16 12:00;0.71302;0.71350;0.71278;0.71311
H4;2026.09.16 16:00;0.71310;0.71367;0.71231;0.71302
H4;2026.09.16 20:00;0.71302;0.71391;0.70748;0.70867
H4;2026.09.17 00:00;0.70849;0.70948;0.70819;0.70879
H4;2026.09.17 04:00;0.70879;0.71092;0.70870;0.71086
H4;2026.09.17 08:00;0.71086;0.71208;0.71063;0.71129
H4;2026.09.17 12:00;0.71129;0.71258;0.71054;0.71203
H4;2026.09.17 16:00;0.71202;0.71216;0.71099;0.71124
H4;2026.09.17 20:00;0.71124;0.71145;0.71087;0.71095
H4;2026.09.18 00:00;0.71060;0.71177;0.71057;0.71176
H4;2026.09.18 04:00;0.71176;0.71361;0.71111;0.71286
H4;2026.09.18 08:00;0.71286;0.71291;0.71213;0.71261
H4;2026.09.18 12:00;0.71261;0.71290;0.71128;0.71159
H4;2026.09.18 16:00;0.71159;0.71231;0.71037;0.71215
H4;2026.09.18 20:00;0.71215;0.71279;0.71215;0.71240
H4;2026.09.21 00:00;0.71059;0.71294;0.71054;0.71260
H4;2026.09.21 04:00;0.71259;0.71305;0.71207;0.71272
H4;2026.09.21 08:00;0.71272;0.71331;0.71208;0.71297
H4;2026.09.21 12:00;0.71297;0.71401;0.71262;0.71354
H4;2026.09.21 16:00;0.71354;0.71357;0.71207;0.71236
H4;2026.09.21 20:00;0.71235;0.71243;0.71172;0.71188
H4;2026.09.22 00:00;0.71133;0.71247;0.71129;0.71207
H4;2026.09.22 04:00;0.71207;0.71258;0.70982;0.71207
H4;2026.09.22 08:00;0.71207;0.71239;0.70923;0.71109
H4;2026.09.22 12:00;0.71109;0.71201;0.71046;0.71074
H4;2026.09.22 16:00;0.71074;0.71176;0.70969;0.71059
H4;2026.09.22 20:00;0.71058;0.71208;0.71022;0.71145
H4;2026.09.23 00:00;0.71140;0.71170;0.71067;0.71155
H4;2026.09.23 04:00;0.71155;0.71162;0.70980;0.71026
H4;2026.09.23 08:00;0.71026;0.71055;0.70798;0.70876
H4;2026.09.23 12:00;0.70876;0.70892;0.70599;0.70655
H4;2026.09.23 16:00;0.70655;0.70689;0.70278;0.70285
H4;2026.09.23 20:00;0.70285;0.70431;0.70256;0.70395
H4;2026.09.24 00:00;0.70326;0.70411;0.70292;0.70334
H4;2026.09.24 04:00;0.70334;0.70399;0.70173;0.70349
H4;2026.09.24 08:00;0.70349;0.70449;0.70282;0.70300
H4;2026.09.24 12:00;0.70300;0.70327;0.70232;0.70300
H4;2026.09.24 16:00;0.70300;0.70339;0.70071;0.70250
H4;2026.09.24 20:00;0.70250;0.70287;0.70056;0.70111
H4;2026.09.25 00:00;0.70071;0.70134;0.70039;0.70099
H4;2026.09.25 04:00;0.70099;0.70159;0.70079;0.70138
H4;2026.09.25 08:00;0.70138;0.70301;0.70137;0.70289
H4;2026.09.25 12:00;0.70289;0.70362;0.70245;0.70251
H4;2026.09.25 16:00;0.70252;0.70427;0.70152;0.70298
H4;2026.09.25 20:00;0.70298;0.70317;0.70244;0.70250
H4;2026.09.28 00:00;0.70050;0.70197;0.70046;0.70179
H4;2026.09.28 04:00;0.70179;0.70287;0.70130;0.70270
H4;2026.09.28 08:00;0.70268;0.70279;0.70110;0.70153
H4;2026.09.28 12:00;0.70152;0.70271;0.70075;0.70252
H4;2026.09.28 16:00;0.70252;0.70392;0.70116;0.70245
H4;2026.09.28 20:00;0.70244;0.70343;0.70149;0.70167
H4;2026.09.29 00:00;0.70117;0.70197;0.70088;0.70103
H4;2026.09.29 04:00;0.70102;0.70289;0.70070;0.70157
H4;2026.09.29 08:00;0.70157;0.70218;0.69782;0.69909
H4;2026.09.29 12:00;0.69909;0.70070;0.69798;0.69896
H4;2026.09.29 16:00;0.69896;0.69961;0.69658;0.69686
H4;2026.09.29 20:00;0.69686;0.69898;0.69670;0.69863
H4;2026.09.30 00:00;0.69792;0.69898;0.69748;0.69892
H4;2026.09.30 04:00;0.69892;0.69950;0.69584;0.69707
H4;2026.09.30 08:00;0.69707;0.69811;0.69666;0.69746
H4;2026.09.30 12:00;0.69746;0.69877;0.69633;0.69717
H4;2026.09.30 16:00;0.69718;0.69737;0.69471;0.69509
H4;2026.09.30 20:00;0.69511;0.69519;0.69424;0.69440
H4;2026.10.01 00:00;0.69399;0.69481;0.69399;0.69439
H4;2026.10.01 04:00;0.69440;0.69556;0.69398;0.69451
H4;2026.10.01 08:00;0.69451;0.69548;0.69345;0.69375
H4;2026.10.01 12:00;0.69375;0.69562;0.69306;0.69490
H4;2026.10.01 16:00;0.69490;0.69533;0.69037;0.69107
H4;2026.10.01 20:00;0.69108;0.69333;0.69098;0.69301
H4;2026.10.02 00:00;0.69223;0.69300;0.69165;0.69175
H4;2026.10.02 04:00;0.69175;0.69385;0.69129;0.69337
H4;2026.10.02 08:00;0.69337;0.69459;0.69323;0.69420
H4;2026.10.02 12:00;0.69421;0.69714;0.69316;0.69687
H4;2026.10.02 16:00;0.69687;0.69755;0.69471;0.69486
H4;2026.10.02 20:00;0.69487;0.69599;0.69449;0.69547
H4;2026.10.05 00:00;0.69372;0.69578;0.69363;0.69546
H4;2026.10.05 04:00;0.69546;0.69565;0.69322;0.69372
H4;2026.10.05 08:00;0.69372;0.69638;0.69358;0.69628
H4;2026.10.05 12:00;0.69628;0.69670;0.69560;0.69594
H4;2026.10.05 16:00;0.69593;0.69736;0.69499;0.69642
H4;2026.10.05 20:00;0.69642;0.69732;0.69612;0.69725
H4;2026.10.06 00:00;0.69707;0.69737;0.69626;0.69699
H4;2026.10.06 04:00;0.69699;0.69770;0.69660;0.69695
H4;2026.10.06 08:00;0.69695;0.69789;0.69615;0.69743
H4;2026.10.06 12:00;0.69743;0.69859;0.69667;0.69818
H4;2026.10.06 16:00;0.69819;0.69899;0.69746;0.69816
H4;2026.10.06 20:00;0.69816;0.69871;0.69802;0.69832
H4;2026.10.07 00:00;0.69765;0.69830;0.69765;0.69790
H4;2026.10.07 04:00;0.69790;0.69843;0.69693;0.69693
H4;2026.10.07 08:00;0.69693;0.69737;0.69642;0.69728
H4;2026.10.07 12:00;0.69728;0.69746;0.69426;0.69501
H4;2026.10.07 16:00;0.69501;0.69663;0.69472;0.69614
H4;2026.10.07 20:00;0.69613;0.69693;0.69604;0.69612
H4;2026.10.08 00:00;0.69590;0.69644;0.69547;0.69568
H4;2026.10.08 04:00;0.69568;0.69682;0.69544;0.69558
H4;2026.10.08 08:00;0.69558;0.69621;0.69450;0.69533
H4;2026.10.08 12:00;0.69533;0.69579;0.69327;0.69419
H4;2026.10.08 16:00;0.69420;0.69730;0.69412;0.69523
H1;2026.09.30 17:00;0.69577;0.69641;0.69508;0.69562
H1;2026.09.30 18:00;0.69562;0.69599;0.69490;0.69511
H1;2026.09.30 19:00;0.69510;0.69517;0.69471;0.69509
H1;2026.09.30 20:00;0.69511;0.69519;0.69477;0.69490
H1;2026.09.30 21:00;0.69490;0.69505;0.69472;0.69489
H1;2026.09.30 22:00;0.69490;0.69490;0.69429;0.69448
H1;2026.09.30 23:00;0.69447;0.69457;0.69424;0.69440
H1;2026.10.01 00:00;0.69399;0.69469;0.69399;0.69449
H1;2026.10.01 01:00;0.69451;0.69472;0.69439;0.69451
H1;2026.10.01 02:00;0.69451;0.69481;0.69441;0.69455
H1;2026.10.01 03:00;0.69456;0.69468;0.69399;0.69439
H1;2026.10.01 04:00;0.69440;0.69484;0.69419;0.69430
H1;2026.10.01 05:00;0.69430;0.69470;0.69398;0.69465
H1;2026.10.01 06:00;0.69465;0.69540;0.69444;0.69537
H1;2026.10.01 07:00;0.69537;0.69556;0.69437;0.69451
H1;2026.10.01 08:00;0.69451;0.69495;0.69415;0.69475
H1;2026.10.01 09:00;0.69475;0.69547;0.69462;0.69521
H1;2026.10.01 10:00;0.69521;0.69548;0.69368;0.69394
H1;2026.10.01 11:00;0.69394;0.69438;0.69345;0.69375
H1;2026.10.01 12:00;0.69375;0.69442;0.69335;0.69338
H1;2026.10.01 13:00;0.69337;0.69486;0.69306;0.69472
H1;2026.10.01 14:00;0.69472;0.69562;0.69397;0.69529
H1;2026.10.01 15:00;0.69529;0.69554;0.69480;0.69490
H1;2026.10.01 16:00;0.69490;0.69533;0.69458;0.69517
H1;2026.10.01 17:00;0.69511;0.69517;0.69232;0.69266
H1;2026.10.01 18:00;0.69267;0.69273;0.69037;0.69099
H1;2026.10.01 19:00;0.69102;0.69217;0.69088;0.69107
H1;2026.10.01 20:00;0.69108;0.69323;0.69098;0.69151
H1;2026.10.01 21:00;0.69150;0.69265;0.69113;0.69242
H1;2026.10.01 22:00;0.69242;0.69326;0.69216;0.69301
H1;2026.10.01 23:00;0.69301;0.69333;0.69291;0.69301
H1;2026.10.02 00:00;0.69223;0.69293;0.69223;0.69262
H1;2026.10.02 01:00;0.69262;0.69300;0.69256;0.69285
H1;2026.10.02 02:00;0.69285;0.69294;0.69271;0.69284
H1;2026.10.02 03:00;0.69283;0.69294;0.69165;0.69175
H1;2026.10.02 04:00;0.69175;0.69191;0.69129;0.69190
H1;2026.10.02 05:00;0.69190;0.69281;0.69181;0.69267
H1;2026.10.02 06:00;0.69267;0.69360;0.69263;0.69356
H1;2026.10.02 07:00;0.69356;0.69385;0.69322;0.69337
H1;2026.10.02 08:00;0.69337;0.69391;0.69323;0.69325
H1;2026.10.02 09:00;0.69325;0.69413;0.69325;0.69367
H1;2026.10.02 10:00;0.69367;0.69456;0.69356;0.69425
H1;2026.10.02 11:00;0.69425;0.69459;0.69388;0.69420
H1;2026.10.02 12:00;0.69421;0.69442;0.69371;0.69404
H1;2026.10.02 13:00;0.69404;0.69407;0.69331;0.69353
H1;2026.10.02 14:00;0.69354;0.69432;0.69316;0.69417
H1;2026.10.02 15:00;0.69417;0.69714;0.69378;0.69687
H1;2026.10.02 16:00;0.69687;0.69755;0.69594;0.69748
H1;2026.10.02 17:00;0.69749;0.69752;0.69629;0.69694
H1;2026.10.02 18:00;0.69694;0.69699;0.69492;0.69518
H1;2026.10.02 19:00;0.69519;0.69545;0.69471;0.69486
H1;2026.10.02 20:00;0.69487;0.69513;0.69449;0.69503
H1;2026.10.02 21:00;0.69503;0.69520;0.69487;0.69514
H1;2026.10.02 22:00;0.69514;0.69599;0.69494;0.69589
H1;2026.10.02 23:00;0.69593;0.69594;0.69546;0.69547
H1;2026.10.05 00:00;0.69372;0.69545;0.69363;0.69541
H1;2026.10.05 01:00;0.69539;0.69578;0.69518;0.69548
H1;2026.10.05 02:00;0.69548;0.69557;0.69497;0.69525
H1;2026.10.05 03:00;0.69525;0.69559;0.69497;0.69546
H1;2026.10.05 04:00;0.69546;0.69565;0.69496;0.69499
H1;2026.10.05 05:00;0.69499;0.69502;0.69326;0.69337
H1;2026.10.05 06:00;0.69338;0.69409;0.69322;0.69360
H1;2026.10.05 07:00;0.69360;0.69393;0.69342;0.69372
H1;2026.10.05 08:00;0.69372;0.69405;0.69358;0.69402
H1;2026.10.05 09:00;0.69404;0.69456;0.69389;0.69448
H1;2026.10.05 10:00;0.69448;0.69574;0.69418;0.69540
H1;2026.10.05 11:00;0.69540;0.69638;0.69534;0.69628
H1;2026.10.05 12:00;0.69628;0.69664;0.69579;0.69606
H1;2026.10.05 13:00;0.69606;0.69659;0.69586;0.69614
H1;2026.10.05 14:00;0.69614;0.69670;0.69584;0.69598
H1;2026.10.05 15:00;0.69598;0.69643;0.69560;0.69594
H1;2026.10.05 16:00;0.69593;0.69611;0.69499;0.69529
H1;2026.10.05 17:00;0.69530;0.69678;0.69523;0.69670
H1;2026.10.05 18:00;0.69670;0.69736;0.69663;0.69683
H1;2026.10.05 19:00;0.69682;0.69682;0.69634;0.69642
H1;2026.10.05 20:00;0.69642;0.69682;0.69612;0.69682
H1;2026.10.05 21:00;0.69682;0.69714;0.69663;0.69712
H1;2026.10.05 22:00;0.69712;0.69732;0.69694;0.69708
H1;2026.10.05 23:00;0.69708;0.69727;0.69695;0.69725
H1;2026.10.06 00:00;0.69707;0.69709;0.69626;0.69708
H1;2026.10.06 01:00;0.69708;0.69737;0.69678;0.69682
H1;2026.10.06 02:00;0.69682;0.69707;0.69661;0.69665
H1;2026.10.06 03:00;0.69664;0.69701;0.69629;0.69699
H1;2026.10.06 04:00;0.69699;0.69726;0.69671;0.69673
H1;2026.10.06 05:00;0.69674;0.69699;0.69660;0.69688
H1;2026.10.06 06:00;0.69688;0.69770;0.69679;0.69723
H1;2026.10.06 07:00;0.69723;0.69733;0.69690;0.69695
H1;2026.10.06 08:00;0.69695;0.69704;0.69649;0.69695
H1;2026.10.06 09:00;0.69695;0.69697;0.69615;0.69657
H1;2026.10.06 10:00;0.69657;0.69779;0.69617;0.69770
H1;2026.10.06 11:00;0.69770;0.69789;0.69729;0.69743
H1;2026.10.06 12:00;0.69743;0.69750;0.69682;0.69690
H1;2026.10.06 13:00;0.69691;0.69708;0.69671;0.69684
H1;2026.10.06 14:00;0.69684;0.69847;0.69667;0.69830
H1;2026.10.06 15:00;0.69830;0.69859;0.69783;0.69818
H1;2026.10.06 16:00;0.69819;0.69899;0.69769;0.69782
H1;2026.10.06 17:00;0.69782;0.69827;0.69746;0.69780
H1;2026.10.06 18:00;0.69780;0.69855;0.69772;0.69832
H1;2026.10.06 19:00;0.69831;0.69849;0.69798;0.69816
H1;2026.10.06 20:00;0.69816;0.69863;0.69802;0.69853
H1;2026.10.06 21:00;0.69853;0.69864;0.69833;0.69861
H1;2026.10.06 22:00;0.69861;0.69871;0.69817;0.69829
H1;2026.10.06 23:00;0.69828;0.69839;0.69810;0.69832
H1;2026.10.07 00:00;0.69765;0.69822;0.69765;0.69814
H1;2026.10.07 01:00;0.69814;0.69828;0.69786;0.69786
H1;2026.10.07 02:00;0.69786;0.69815;0.69785;0.69802
H1;2026.10.07 03:00;0.69802;0.69830;0.69771;0.69790
H1;2026.10.07 04:00;0.69790;0.69843;0.69775;0.69781
H1;2026.10.07 05:00;0.69781;0.69784;0.69714;0.69724
H1;2026.10.07 06:00;0.69724;0.69747;0.69714;0.69736
H1;2026.10.07 07:00;0.69736;0.69744;0.69693;0.69693
H1;2026.10.07 08:00;0.69693;0.69712;0.69673;0.69696
H1;2026.10.07 09:00;0.69696;0.69732;0.69664;0.69706
H1;2026.10.07 10:00;0.69706;0.69728;0.69642;0.69668
H1;2026.10.07 11:00;0.69668;0.69737;0.69642;0.69728
H1;2026.10.07 12:00;0.69728;0.69746;0.69659;0.69688
H1;2026.10.07 13:00;0.69688;0.69690;0.69562;0.69580
H1;2026.10.07 14:00;0.69580;0.69585;0.69488;0.69534
H1;2026.10.07 15:00;0.69534;0.69552;0.69426;0.69501
H1;2026.10.07 16:00;0.69501;0.69559;0.69472;0.69525
H1;2026.10.07 17:00;0.69525;0.69636;0.69499;0.69628
H1;2026.10.07 18:00;0.69628;0.69663;0.69569;0.69610
H1;2026.10.07 19:00;0.69610;0.69645;0.69590;0.69614
H1;2026.10.07 20:00;0.69613;0.69693;0.69607;0.69656
H1;2026.10.07 21:00;0.69655;0.69687;0.69644;0.69660
H1;2026.10.07 22:00;0.69660;0.69671;0.69620;0.69630
H1;2026.10.07 23:00;0.69630;0.69633;0.69604;0.69612
H1;2026.10.08 00:00;0.69590;0.69629;0.69563;0.69604
H1;2026.10.08 01:00;0.69603;0.69644;0.69598;0.69608
H1;2026.10.08 02:00;0.69608;0.69626;0.69601;0.69615
H1;2026.10.08 03:00;0.69615;0.69616;0.69547;0.69568
H1;2026.10.08 04:00;0.69568;0.69664;0.69544;0.69656
H1;2026.10.08 05:00;0.69656;0.69682;0.69611;0.69619
H1;2026.10.08 06:00;0.69619;0.69625;0.69551;0.69560
H1;2026.10.08 07:00;0.69560;0.69578;0.69546;0.69558
H1;2026.10.08 08:00;0.69558;0.69576;0.69450;0.69469
H1;2026.10.08 09:00;0.69470;0.69545;0.69455;0.69501
H1;2026.10.08 10:00;0.69502;0.69556;0.69455;0.69521
H1;2026.10.08 11:00;0.69521;0.69621;0.69504;0.69533
H1;2026.10.08 12:00;0.69533;0.69579;0.69510;0.69515
H1;2026.10.08 13:00;0.69515;0.69518;0.69446;0.69458
H1;2026.10.08 14:00;0.69458;0.69458;0.69327;0.69373
H1;2026.10.08 15:00;0.69373;0.69483;0.69367;0.69419
H1;2026.10.08 16:00;0.69420;0.69549;0.69412;0.69536
H1;2026.10.08 17:00;0.69536;0.69730;0.69515;0.69622
H1;2026.10.08 18:00;0.69622;0.69639;0.69455;0.69474
H1;2026.10.08 19:00;0.69474;0.69572;0.69441;0.69523
H1;2026.10.08 20:00;0.69523;0.69619;0.69517;0.69582
H1;2026.10.08 21:00;0.69582;0.69587;0.69519;0.69554
H1;2026.10.08 22:00;0.69554;0.69602;0.69554;0.69601
M15;2026.10.07 17:15;0.69525;0.69596;0.69520;0.69579
M15;2026.10.07 17:30;0.69579;0.69614;0.69564;0.69573
M15;2026.10.07 17:45;0.69573;0.69636;0.69572;0.69628
M15;2026.10.07 18:00;0.69628;0.69663;0.69569;0.69625
M15;2026.10.07 18:15;0.69624;0.69627;0.69589;0.69596
M15;2026.10.07 18:30;0.69596;0.69625;0.69590;0.69615
M15;2026.10.07 18:45;0.69615;0.69618;0.69589;0.69610
M15;2026.10.07 19:00;0.69610;0.69644;0.69597;0.69631
M15;2026.10.07 19:15;0.69631;0.69645;0.69625;0.69634
M15;2026.10.07 19:30;0.69631;0.69633;0.69590;0.69601
M15;2026.10.07 19:45;0.69602;0.69628;0.69601;0.69614
M15;2026.10.07 20:00;0.69613;0.69693;0.69607;0.69679
M15;2026.10.07 20:15;0.69679;0.69680;0.69638;0.69638
M15;2026.10.07 20:30;0.69639;0.69661;0.69636;0.69651
M15;2026.10.07 20:45;0.69651;0.69668;0.69638;0.69656
M15;2026.10.07 21:00;0.69655;0.69687;0.69644;0.69658
M15;2026.10.07 21:15;0.69658;0.69673;0.69650;0.69668
M15;2026.10.07 21:30;0.69668;0.69670;0.69645;0.69660
M15;2026.10.07 21:45;0.69660;0.69674;0.69656;0.69660
M15;2026.10.07 22:00;0.69660;0.69671;0.69638;0.69646
M15;2026.10.07 22:15;0.69646;0.69655;0.69635;0.69646
M15;2026.10.07 22:30;0.69646;0.69652;0.69630;0.69630
M15;2026.10.07 22:45;0.69630;0.69632;0.69620;0.69630
M15;2026.10.07 23:00;0.69630;0.69633;0.69604;0.69619
M15;2026.10.07 23:15;0.69619;0.69624;0.69608;0.69624
M15;2026.10.07 23:30;0.69624;0.69624;0.69604;0.69610
M15;2026.10.07 23:45;0.69610;0.69617;0.69607;0.69612
M15;2026.10.08 00:00;0.69590;0.69629;0.69578;0.69586
M15;2026.10.08 00:15;0.69585;0.69591;0.69568;0.69581
M15;2026.10.08 00:30;0.69581;0.69601;0.69571;0.69591
M15;2026.10.08 00:45;0.69591;0.69606;0.69563;0.69604
M15;2026.10.08 01:00;0.69603;0.69640;0.69598;0.69636
M15;2026.10.08 01:15;0.69636;0.69642;0.69633;0.69639
M15;2026.10.08 01:30;0.69639;0.69644;0.69626;0.69633
M15;2026.10.08 01:45;0.69633;0.69634;0.69607;0.69608
M15;2026.10.08 02:00;0.69608;0.69619;0.69601;0.69612
M15;2026.10.08 02:15;0.69612;0.69624;0.69609;0.69609
M15;2026.10.08 02:30;0.69609;0.69626;0.69609;0.69625
M15;2026.10.08 02:45;0.69625;0.69625;0.69605;0.69615
M15;2026.10.08 03:00;0.69615;0.69616;0.69594;0.69595
M15;2026.10.08 03:15;0.69595;0.69599;0.69562;0.69570
M15;2026.10.08 03:30;0.69570;0.69578;0.69547;0.69548
M15;2026.10.08 03:45;0.69548;0.69584;0.69547;0.69568
M15;2026.10.08 04:00;0.69568;0.69579;0.69544;0.69571
M15;2026.10.08 04:15;0.69570;0.69605;0.69564;0.69595
M15;2026.10.08 04:30;0.69595;0.69625;0.69580;0.69623
M15;2026.10.08 04:45;0.69624;0.69664;0.69622;0.69656
M15;2026.10.08 05:00;0.69656;0.69678;0.69650;0.69670
M15;2026.10.08 05:15;0.69670;0.69682;0.69655;0.69677
M15;2026.10.08 05:30;0.69677;0.69677;0.69637;0.69647
M15;2026.10.08 05:45;0.69647;0.69656;0.69611;0.69619
M15;2026.10.08 06:00;0.69619;0.69625;0.69561;0.69566
M15;2026.10.08 06:15;0.69566;0.69577;0.69557;0.69563
M15;2026.10.08 06:30;0.69563;0.69571;0.69551;0.69567
M15;2026.10.08 06:45;0.69567;0.69573;0.69558;0.69560
M15;2026.10.08 07:00;0.69560;0.69576;0.69559;0.69566
M15;2026.10.08 07:15;0.69566;0.69575;0.69546;0.69565
M15;2026.10.08 07:30;0.69565;0.69578;0.69556;0.69561
M15;2026.10.08 07:45;0.69561;0.69568;0.69549;0.69558
M15;2026.10.08 08:00;0.69558;0.69569;0.69552;0.69560
M15;2026.10.08 08:15;0.69560;0.69576;0.69551;0.69554
M15;2026.10.08 08:30;0.69554;0.69558;0.69524;0.69527
M15;2026.10.08 08:45;0.69527;0.69533;0.69450;0.69469
M15;2026.10.08 09:00;0.69470;0.69518;0.69455;0.69518
M15;2026.10.08 09:15;0.69518;0.69542;0.69510;0.69511
M15;2026.10.08 09:30;0.69511;0.69545;0.69504;0.69542
M15;2026.10.08 09:45;0.69542;0.69543;0.69494;0.69501
M15;2026.10.08 10:00;0.69502;0.69504;0.69455;0.69478
M15;2026.10.08 10:15;0.69478;0.69554;0.69469;0.69554
M15;2026.10.08 10:30;0.69554;0.69556;0.69508;0.69535
M15;2026.10.08 10:45;0.69535;0.69550;0.69519;0.69521
M15;2026.10.08 11:00;0.69521;0.69571;0.69504;0.69569
M15;2026.10.08 11:15;0.69569;0.69604;0.69565;0.69596
M15;2026.10.08 11:30;0.69596;0.69621;0.69547;0.69585
M15;2026.10.08 11:45;0.69585;0.69590;0.69533;0.69533
M15;2026.10.08 12:00;0.69533;0.69561;0.69519;0.69533
M15;2026.10.08 12:15;0.69533;0.69567;0.69524;0.69561
M15;2026.10.08 12:30;0.69561;0.69579;0.69533;0.69535
M15;2026.10.08 12:45;0.69534;0.69538;0.69510;0.69515
M15;2026.10.08 13:00;0.69515;0.69518;0.69498;0.69504
M15;2026.10.08 13:15;0.69504;0.69513;0.69486;0.69493
M15;2026.10.08 13:30;0.69493;0.69502;0.69449;0.69465
M15;2026.10.08 13:45;0.69465;0.69481;0.69446;0.69458
M15;2026.10.08 14:00;0.69458;0.69458;0.69390;0.69393
M15;2026.10.08 14:15;0.69393;0.69408;0.69370;0.69389
M15;2026.10.08 14:30;0.69389;0.69397;0.69327;0.69388
M15;2026.10.08 14:45;0.69388;0.69411;0.69367;0.69373
M15;2026.10.08 15:00;0.69373;0.69449;0.69367;0.69437
M15;2026.10.08 15:15;0.69437;0.69483;0.69413;0.69476
M15;2026.10.08 15:30;0.69478;0.69479;0.69418;0.69423
M15;2026.10.08 15:45;0.69423;0.69444;0.69411;0.69419
M15;2026.10.08 16:00;0.69420;0.69516;0.69412;0.69473
M15;2026.10.08 16:15;0.69473;0.69486;0.69458;0.69467
M15;2026.10.08 16:30;0.69467;0.69508;0.69463;0.69498
M15;2026.10.08 16:45;0.69498;0.69549;0.69492;0.69536
M15;2026.10.08 17:00;0.69536;0.69582;0.69515;0.69576
M15;2026.10.08 17:15;0.69576;0.69700;0.69571;0.69695
M15;2026.10.08 17:30;0.69695;0.69730;0.69668;0.69669
M15;2026.10.08 17:45;0.69670;0.69684;0.69622;0.69622
M15;2026.10.08 18:00;0.69622;0.69639;0.69588;0.69588
M15;2026.10.08 18:15;0.69588;0.69590;0.69539;0.69548
M15;2026.10.08 18:30;0.69546;0.69547;0.69494;0.69498
M15;2026.10.08 18:45;0.69498;0.69504;0.69455;0.69474
M15;2026.10.08 19:00;0.69474;0.69485;0.69441;0.69476
M15;2026.10.08 19:15;0.69476;0.69572;0.69463;0.69521
M15;2026.10.08 19:30;0.69520;0.69551;0.69495;0.69545
M15;2026.10.08 19:45;0.69545;0.69551;0.69513;0.69523
M15;2026.10.08 20:00;0.69523;0.69571;0.69517;0.69559
M15;2026.10.08 20:15;0.69560;0.69614;0.69554;0.69598
M15;2026.10.08 20:30;0.69599;0.69619;0.69588;0.69609
M15;2026.10.08 20:45;0.69609;0.69610;0.69564;0.69582
M15;2026.10.08 21:00;0.69582;0.69587;0.69537;0.69550
M15;2026.10.08 21:15;0.69550;0.69565;0.69519;0.69534
M15;2026.10.08 21:30;0.69534;0.69544;0.69519;0.69537
M15;2026.10.08 21:45;0.69537;0.69565;0.69537;0.69554
M15;2026.10.08 22:00;0.69554;0.69577;0.69554;0.69574
M15;2026.10.08 22:15;0.69574;0.69586;0.69559;0.69574
M15;2026.10.08 22:30;0.69574;0.69582;0.69565;0.69574
M15;2026.10.08 22:45;0.69574;0.69602;0.69567;0.69601
M15;2026.10.08 23:00;0.69601;0.69625;0.69600;0.69614
