META;EURUSD;utc=2026.10.10 08:07;bid=1.12011;ask=1.12029;spread_pts=18;digits=5;point=0.000010;server_minus_utc_sec=-29562
D1;2026.06.05 00:00;1.16127;1.16444;1.15179;1.15220
D1;2026.06.08 00:00;1.15114;1.15547;1.14998;1.15319
D1;2026.06.09 00:00;1.15357;1.15780;1.15270;1.15439
D1;2026.06.10 00:00;1.15453;1.15730;1.15331;1.15349
D1;2026.06.11 00:00;1.15367;1.15898;1.15029;1.15788
D1;2026.06.12 00:00;1.15770;1.15895;1.15571;1.15675
D1;2026.06.15 00:00;1.15759;1.16220;1.15749;1.15888
D1;2026.06.16 00:00;1.15933;1.16198;1.15749;1.16077
D1;2026.06.17 00:00;1.16076;1.16166;1.14778;1.15003
D1;2026.06.18 00:00;1.15001;1.15283;1.14514;1.14569
D1;2026.06.19 00:00;1.14653;1.14806;1.14179;1.14737
D1;2026.06.22 00:00;1.14636;1.14736;1.14190;1.14282
D1;2026.06.23 00:00;1.14258;1.14390;1.13758;1.13812
D1;2026.06.24 00:00;1.13830;1.13841;1.13246;1.13588
D1;2026.06.25 00:00;1.13614;1.13880;1.13333;1.13701
D1;2026.06.26 00:00;1.13715;1.14340;1.13541;1.13816
D1;2026.06.29 00:00;1.13927;1.14306;1.13811;1.14238
D1;2026.06.30 00:00;1.14223;1.14366;1.13825;1.14207
D1;2026.07.01 00:00;1.14206;1.14230;1.13618;1.13777
D1;2026.07.02 00:00;1.13774;1.14726;1.13751;1.14334
D1;2026.07.03 00:00;1.14322;1.14623;1.14206;1.14358
D1;2026.07.06 00:00;1.14411;1.14450;1.14085;1.14404
D1;2026.07.07 00:00;1.14411;1.14480;1.14083;1.14113
D1;2026.07.08 00:00;1.14124;1.14316;1.13911;1.14161
D1;2026.07.09 00:00;1.14137;1.14493;1.14137;1.14297
D1;2026.07.10 00:00;1.14323;1.14607;1.14114;1.14141
D1;2026.07.13 00:00;1.13968;1.14458;1.13774;1.13800
D1;2026.07.14 00:00;1.13821;1.14623;1.13780;1.14208
D1;2026.07.15 00:00;1.14198;1.14825;1.14060;1.14626
D1;2026.07.16 00:00;1.14631;1.14764;1.14312;1.14436
D1;2026.07.17 00:00;1.14409;1.14521;1.14244;1.14377
D1;2026.07.20 00:00;1.14270;1.14495;1.14024;1.14138
D1;2026.07.21 00:00;1.14144;1.14288;1.13971;1.13973
D1;2026.07.22 00:00;1.13964;1.14216;1.13964;1.14120
D1;2026.07.23 00:00;1.14063;1.14357;1.13640;1.13773
D1;2026.07.24 00:00;1.13713;1.14011;1.13650;1.13697
D1;2026.07.27 00:00;1.13960;1.14182;1.13669;1.13676
D1;2026.07.28 00:00;1.13706;1.14052;1.13533;1.13862
D1;2026.07.29 00:00;1.13875;1.14708;1.13745;1.14672
D1;2026.07.30 00:00;1.14608;1.15369;1.14343;1.15270
D1;2026.07.31 00:00;1.15281;1.15468;1.14551;1.15396
D1;2026.08.03 00:00;1.15477;1.15587;1.15003;1.15085
D1;2026.08.04 00:00;1.15047;1.15341;1.15022;1.15336
D1;2026.08.05 00:00;1.15297;1.15595;1.15264;1.15532
D1;2026.08.06 00:00;1.15519;1.15596;1.15147;1.15232
D1;2026.08.07 00:00;1.15233;1.15808;1.15177;1.15572
D1;2026.08.10 00:00;1.15646;1.15668;1.15399;1.15424
D1;2026.08.11 00:00;1.15412;1.15497;1.15313;1.15423
D1;2026.08.12 00:00;1.15392;1.15629;1.15198;1.15243
D1;2026.08.13 00:00;1.15190;1.15454;1.15117;1.15290
D1;2026.08.14 00:00;1.15265;1.15853;1.15259;1.15688
D1;2026.08.17 00:00;1.15646;1.16141;1.15636;1.15786
D1;2026.08.18 00:00;1.15829;1.15884;1.15666;1.15757
D1;2026.08.19 00:00;1.15767;1.16792;1.15702;1.16774
D1;2026.08.20 00:00;1.16770;1.17106;1.16692;1.16785
D1;2026.08.21 00:00;1.16778;1.17114;1.16687;1.16763
D1;2026.08.24 00:00;1.16742;1.16872;1.16552;1.16636
D1;2026.08.25 00:00;1.16609;1.16795;1.16510;1.16751
D1;2026.08.26 00:00;1.16741;1.16769;1.16420;1.16534
D1;2026.08.27 00:00;1.16450;1.16599;1.16365;1.16512
D1;2026.08.28 00:00;1.16488;1.16591;1.15778;1.15818
D1;2026.08.31 00:00;1.15807;1.16207;1.15782;1.16163
D1;2026.09.01 00:00;1.16168;1.16245;1.15849;1.15924
D1;2026.09.02 00:00;1.15912;1.16091;1.15663;1.15870
D1;2026.09.03 00:00;1.15872;1.16412;1.15835;1.16252
D1;2026.09.04 00:00;1.16206;1.16330;1.15849;1.16128
D1;2026.09.07 00:00;1.16127;1.16358;1.16073;1.16222
D1;2026.09.08 00:00;1.16231;1.16359;1.16079;1.16233
D1;2026.09.09 00:00;1.16268;1.16542;1.16201;1.16328
D1;2026.09.10 00:00;1.16268;1.16418;1.15922;1.16100
D1;2026.09.11 00:00;1.16129;1.16175;1.15692;1.15973
D1;2026.09.14 00:00;1.15975;1.15978;1.15232;1.15500
D1;2026.09.15 00:00;1.15481;1.15527;1.15270;1.15411
D1;2026.09.16 00:00;1.15432;1.15565;1.14608;1.14645
D1;2026.09.17 00:00;1.14649;1.14977;1.14542;1.14752
D1;2026.09.18 00:00;1.14776;1.14917;1.14549;1.14855
D1;2026.09.21 00:00;1.14852;1.14956;1.14620;1.14640
D1;2026.09.22 00:00;1.14657;1.14781;1.14293;1.14485
D1;2026.09.23 00:00;1.14500;1.14501;1.13701;1.13834
D1;2026.09.24 00:00;1.13793;1.13991;1.13592;1.13802
D1;2026.09.25 00:00;1.13786;1.14110;1.13683;1.13917
D1;2026.09.28 00:00;1.13784;1.13911;1.13532;1.13708
D1;2026.09.29 00:00;1.13659;1.13740;1.13117;1.13423
D1;2026.09.30 00:00;1.13404;1.13806;1.13222;1.13292
D1;2026.10.01 00:00;1.13286;1.13366;1.12149;1.12414
D1;2026.10.02 00:00;1.12417;1.12866;1.12208;1.12502
D1;2026.10.05 00:00;1.12597;1.12611;1.11610;1.12226
D1;2026.10.06 00:00;1.12192;1.12766;1.12028;1.12593
D1;2026.10.07 00:00;1.12590;1.12630;1.11647;1.11950
D1;2026.10.08 00:00;1.11963;1.12267;1.11718;1.12102
H4;2026.09.04 20:00;1.16205;1.16207;1.16086;1.16128
H4;2026.09.07 00:00;1.16127;1.16202;1.16073;1.16184
H4;2026.09.07 04:00;1.16184;1.16186;1.16074;1.16113
H4;2026.09.07 08:00;1.16113;1.16358;1.16090;1.16212
H4;2026.09.07 12:00;1.16212;1.16283;1.16195;1.16250
H4;2026.09.07 16:00;1.16250;1.16329;1.16239;1.16286
H4;2026.09.07 20:00;1.16286;1.16286;1.16211;1.16222
H4;2026.09.08 00:00;1.16231;1.16312;1.16216;1.16266
H4;2026.09.08 04:00;1.16266;1.16346;1.16223;1.16250
H4;2026.09.08 08:00;1.16250;1.16359;1.16085;1.16105
H4;2026.09.08 12:00;1.16105;1.16203;1.16079;1.16203
H4;2026.09.08 16:00;1.16204;1.16339;1.16188;1.16234
H4;2026.09.08 20:00;1.16235;1.16305;1.16218;1.16233
H4;2026.09.09 00:00;1.16268;1.16322;1.16231;1.16322
H4;2026.09.09 04:00;1.16323;1.16334;1.16276;1.16328
H4;2026.09.09 08:00;1.16328;1.16493;1.16319;1.16328
H4;2026.09.09 12:00;1.16327;1.16542;1.16219;1.16461
H4;2026.09.09 16:00;1.16465;1.16529;1.16201;1.16358
H4;2026.09.09 20:00;1.16358;1.16412;1.16257;1.16328
H4;2026.09.10 00:00;1.16268;1.16383;1.16268;1.16311
H4;2026.09.10 04:00;1.16311;1.16411;1.16307;1.16368
H4;2026.09.10 08:00;1.16368;1.16418;1.16344;1.16379
H4;2026.09.10 12:00;1.16379;1.16404;1.15922;1.16045
H4;2026.09.10 16:00;1.16046;1.16314;1.15975;1.16194
H4;2026.09.10 20:00;1.16194;1.16231;1.16054;1.16100
H4;2026.09.11 00:00;1.16129;1.16154;1.16063;1.16152
H4;2026.09.11 04:00;1.16152;1.16175;1.15996;1.16045
H4;2026.09.11 08:00;1.16046;1.16138;1.15981;1.15991
H4;2026.09.11 12:00;1.15990;1.16038;1.15692;1.16032
H4;2026.09.11 16:00;1.16030;1.16153;1.15984;1.15997
H4;2026.09.11 20:00;1.15997;1.16008;1.15917;1.15973
H4;2026.09.14 00:00;1.15975;1.15978;1.15849;1.15876
H4;2026.09.14 04:00;1.15878;1.15887;1.15623;1.15655
H4;2026.09.14 08:00;1.15655;1.15705;1.15343;1.15379
H4;2026.09.14 12:00;1.15380;1.15521;1.15296;1.15323
H4;2026.09.14 16:00;1.15323;1.15636;1.15232;1.15601
H4;2026.09.14 20:00;1.15601;1.15615;1.15446;1.15500
H4;2026.09.15 00:00;1.15481;1.15527;1.15430;1.15436
H4;2026.09.15 04:00;1.15436;1.15439;1.15347;1.15369
H4;2026.09.15 08:00;1.15369;1.15409;1.15270;1.15330
H4;2026.09.15 12:00;1.15331;1.15496;1.15324;1.15464
H4;2026.09.15 16:00;1.15464;1.15518;1.15389;1.15430
H4;2026.09.15 20:00;1.15430;1.15437;1.15363;1.15411
H4;2026.09.16 00:00;1.15432;1.15444;1.15337;1.15352
H4;2026.09.16 04:00;1.15352;1.15459;1.15317;1.15446
H4;2026.09.16 08:00;1.15446;1.15565;1.15382;1.15396
H4;2026.09.16 12:00;1.15396;1.15441;1.15280;1.15355
H4;2026.09.16 16:00;1.15355;1.15427;1.15310;1.15345
H4;2026.09.16 20:00;1.15344;1.15473;1.14608;1.14645
H4;2026.09.17 00:00;1.14649;1.14730;1.14542;1.14591
H4;2026.09.17 04:00;1.14591;1.14667;1.14561;1.14663
H4;2026.09.17 08:00;1.14663;1.14835;1.14632;1.14728
H4;2026.09.17 12:00;1.14728;1.14956;1.14682;1.14913
H4;2026.09.17 16:00;1.14913;1.14977;1.14739;1.14761
H4;2026.09.17 20:00;1.14760;1.14808;1.14734;1.14752
H4;2026.09.18 00:00;1.14776;1.14804;1.14742;1.14794
H4;2026.09.18 04:00;1.14794;1.14917;1.14764;1.14866
H4;2026.09.18 08:00;1.14866;1.14906;1.14777;1.14827
H4;2026.09.18 12:00;1.14825;1.14868;1.14549;1.14683
H4;2026.09.18 16:00;1.14682;1.14750;1.14580;1.14736
H4;2026.09.18 20:00;1.14736;1.14904;1.14736;1.14855
H4;2026.09.21 00:00;1.14852;1.14860;1.14767;1.14806
H4;2026.09.21 04:00;1.14806;1.14856;1.14736;1.14748
H4;2026.09.21 08:00;1.14748;1.14862;1.14710;1.14801
H4;2026.09.21 12:00;1.14801;1.14956;1.14766;1.14861
H4;2026.09.21 16:00;1.14861;1.14867;1.14665;1.14692
H4;2026.09.21 20:00;1.14692;1.14704;1.14620;1.14640
H4;2026.09.22 00:00;1.14657;1.14710;1.14627;1.14704
H4;2026.09.22 04:00;1.14704;1.14779;1.14629;1.14778
H4;2026.09.22 08:00;1.14778;1.14781;1.14338;1.14573
H4;2026.09.22 12:00;1.14573;1.14709;1.14474;1.14560
H4;2026.09.22 16:00;1.14560;1.14602;1.14293;1.14371
H4;2026.09.22 20:00;1.14371;1.14550;1.14306;1.14485
H4;2026.09.23 00:00;1.14500;1.14501;1.14448;1.14463
H4;2026.09.23 04:00;1.14463;1.14464;1.14255;1.14266
H4;2026.09.23 08:00;1.14266;1.14290;1.14093;1.14176
H4;2026.09.23 12:00;1.14176;1.14198;1.13998;1.14081
H4;2026.09.23 16:00;1.14081;1.14158;1.13757;1.13781
H4;2026.09.23 20:00;1.13781;1.13937;1.13701;1.13834
H4;2026.09.24 00:00;1.13793;1.13881;1.13707;1.13764
H4;2026.09.24 04:00;1.13764;1.13859;1.13688;1.13839
H4;2026.09.24 08:00;1.13839;1.13991;1.13756;1.13809
H4;2026.09.24 12:00;1.13809;1.13820;1.13617;1.13736
H4;2026.09.24 16:00;1.13736;1.13915;1.13592;1.13785
H4;2026.09.24 20:00;1.13783;1.13840;1.13593;1.13802
H4;2026.09.25 00:00;1.13786;1.13798;1.13699;1.13751
H4;2026.09.25 04:00;1.13751;1.13823;1.13683;1.13703
H4;2026.09.25 08:00;1.13703;1.13939;1.13698;1.13918
H4;2026.09.25 12:00;1.13918;1.14102;1.13865;1.14012
H4;2026.09.25 16:00;1.14014;1.14110;1.13859;1.13923
H4;2026.09.25 20:00;1.13923;1.14012;1.13871;1.13917
H4;2026.09.28 00:00;1.13784;1.13871;1.13734;1.13851
H4;2026.09.28 04:00;1.13851;1.13911;1.13833;1.13864
H4;2026.09.28 08:00;1.13864;1.13907;1.13711;1.13751
H4;2026.09.28 12:00;1.13750;1.13807;1.13658;1.13703
H4;2026.09.28 16:00;1.13703;1.13879;1.13532;1.13717
H4;2026.09.28 20:00;1.13715;1.13839;1.13645;1.13708
H4;2026.09.29 00:00;1.13659;1.13740;1.13627;1.13661
H4;2026.09.29 04:00;1.13661;1.13715;1.13591;1.13595
H4;2026.09.29 08:00;1.13595;1.13664;1.13428;1.13471
H4;2026.09.29 12:00;1.13471;1.13581;1.13325;1.13439
H4;2026.09.29 16:00;1.13438;1.13475;1.13117;1.13145
H4;2026.09.29 20:00;1.13145;1.13434;1.13128;1.13423
H4;2026.09.30 00:00;1.13404;1.13462;1.13361;1.13390
H4;2026.09.30 04:00;1.13389;1.13428;1.13289;1.13318
H4;2026.09.30 08:00;1.13318;1.13606;1.13314;1.13582
H4;2026.09.30 12:00;1.13582;1.13806;1.13489;1.13636
H4;2026.09.30 16:00;1.13638;1.13676;1.13322;1.13397
H4;2026.09.30 20:00;1.13400;1.13414;1.13222;1.13292
H4;2026.10.01 00:00;1.13286;1.13356;1.13254;1.13331
H4;2026.10.01 04:00;1.13330;1.13366;1.13185;1.13187
H4;2026.10.01 08:00;1.13187;1.13252;1.12872;1.12910
H4;2026.10.01 12:00;1.12910;1.13121;1.12652;1.12863
H4;2026.10.01 16:00;1.12863;1.12968;1.12157;1.12180
H4;2026.10.01 20:00;1.12181;1.12466;1.12149;1.12414
H4;2026.10.02 00:00;1.12417;1.12494;1.12341;1.12342
H4;2026.10.02 04:00;1.12342;1.12555;1.12316;1.12525
H4;2026.10.02 08:00;1.12525;1.12694;1.12449;1.12512
H4;2026.10.02 12:00;1.12512;1.12637;1.12208;1.12604
H4;2026.10.02 16:00;1.12608;1.12866;1.12423;1.12568
H4;2026.10.02 20:00;1.12568;1.12602;1.12482;1.12502
H4;2026.10.05 00:00;1.12597;1.12611;1.12413;1.12436
H4;2026.10.05 04:00;1.12436;1.12436;1.11610;1.11825
H4;2026.10.05 08:00;1.11825;1.12168;1.11689;1.12109
H4;2026.10.05 12:00;1.12109;1.12207;1.11961;1.12106
H4;2026.10.05 16:00;1.12106;1.12174;1.11873;1.12024
H4;2026.10.05 20:00;1.12024;1.12236;1.11973;1.12226
H4;2026.10.06 00:00;1.12192;1.12234;1.12134;1.12229
H4;2026.10.06 04:00;1.12229;1.12311;1.12123;1.12169
H4;2026.10.06 08:00;1.12169;1.12468;1.12028;1.12428
H4;2026.10.06 12:00;1.12427;1.12766;1.12345;1.12584
H4;2026.10.06 16:00;1.12585;1.12700;1.12451;1.12574
H4;2026.10.06 20:00;1.12574;1.12662;1.12554;1.12593
H4;2026.10.07 00:00;1.12590;1.12630;1.12483;1.12487
H4;2026.10.07 04:00;1.12487;1.12487;1.12282;1.12329
H4;2026.10.07 08:00;1.12329;1.12339;1.11796;1.11978
H4;2026.10.07 12:00;1.11978;1.12037;1.11647;1.11734
H4;2026.10.07 16:00;1.11734;1.12030;1.11732;1.11926
H4;2026.10.07 20:00;1.11925;1.12027;1.11906;1.11950
H4;2026.10.08 00:00;1.11963;1.12032;1.11912;1.11983
H4;2026.10.08 04:00;1.11983;1.12129;1.11971;1.12051
H4;2026.10.08 08:00;1.12051;1.12077;1.11827;1.11903
H4;2026.10.08 12:00;1.11904;1.11984;1.11718;1.11817
H4;2026.10.08 16:00;1.11817;1.12267;1.11790;1.11953
H4;2026.10.08 20:00;1.11954;1.12197;1.11951;1.12102
H4;2026.10.09 00:00;1.12081;1.12197;1.12081;1.12182
H4;2026.10.09 04:00;1.12182;1.12297;1.12181;1.12296
H4;2026.10.09 08:00;1.12296;1.12428;1.12161;1.12180
H4;2026.10.09 12:00;1.12181;1.12236;1.11927;1.11979
H4;2026.10.09 16:00;1.11981;1.12016;1.11875;1.11901
H1;2026.10.01 17:00;1.12962;1.12963;1.12623;1.12661
H1;2026.10.01 18:00;1.12661;1.12671;1.12176;1.12313
H1;2026.10.01 19:00;1.12313;1.12455;1.12157;1.12180
H1;2026.10.01 20:00;1.12181;1.12409;1.12149;1.12244
H1;2026.10.01 21:00;1.12243;1.12385;1.12202;1.12346
H1;2026.10.01 22:00;1.12346;1.12445;1.12324;1.12400
H1;2026.10.01 23:00;1.12400;1.12466;1.12398;1.12414
H1;2026.10.02 00:00;1.12417;1.12461;1.12383;1.12401
H1;2026.10.02 01:00;1.12401;1.12445;1.12400;1.12440
H1;2026.10.02 02:00;1.12440;1.12484;1.12430;1.12480
H1;2026.10.02 03:00;1.12480;1.12494;1.12341;1.12342
H1;2026.10.02 04:00;1.12342;1.12371;1.12316;1.12367
H1;2026.10.02 05:00;1.12367;1.12443;1.12358;1.12443
H1;2026.10.02 06:00;1.12443;1.12539;1.12440;1.12517
H1;2026.10.02 07:00;1.12517;1.12555;1.12510;1.12525
H1;2026.10.02 08:00;1.12525;1.12534;1.12449;1.12467
H1;2026.10.02 09:00;1.12469;1.12618;1.12465;1.12584
H1;2026.10.02 10:00;1.12585;1.12669;1.12536;1.12603
H1;2026.10.02 11:00;1.12602;1.12694;1.12459;1.12512
H1;2026.10.02 12:00;1.12512;1.12527;1.12461;1.12509
H1;2026.10.02 13:00;1.12509;1.12514;1.12285;1.12346
H1;2026.10.02 14:00;1.12346;1.12431;1.12271;1.12330
H1;2026.10.02 15:00;1.12330;1.12637;1.12208;1.12604
H1;2026.10.02 16:00;1.12608;1.12758;1.12423;1.12757
H1;2026.10.02 17:00;1.12760;1.12866;1.12722;1.12800
H1;2026.10.02 18:00;1.12797;1.12797;1.12551;1.12590
H1;2026.10.02 19:00;1.12591;1.12621;1.12506;1.12568
H1;2026.10.02 20:00;1.12568;1.12602;1.12521;1.12557
H1;2026.10.02 21:00;1.12557;1.12576;1.12482;1.12517
H1;2026.10.02 22:00;1.12517;1.12602;1.12494;1.12581
H1;2026.10.02 23:00;1.12581;1.12595;1.12495;1.12502
H1;2026.10.05 00:00;1.12597;1.12609;1.12530;1.12530
H1;2026.10.05 01:00;1.12530;1.12611;1.12530;1.12596
H1;2026.10.05 02:00;1.12596;1.12597;1.12509;1.12543
H1;2026.10.05 03:00;1.12543;1.12558;1.12413;1.12436
H1;2026.10.05 04:00;1.12436;1.12436;1.12293;1.12313
H1;2026.10.05 05:00;1.12313;1.12322;1.11664;1.11709
H1;2026.10.05 06:00;1.11711;1.11867;1.11610;1.11659
H1;2026.10.05 07:00;1.11659;1.11825;1.11612;1.11825
H1;2026.10.05 08:00;1.11825;1.11928;1.11788;1.11920
H1;2026.10.05 09:00;1.11919;1.11984;1.11689;1.11908
H1;2026.10.05 10:00;1.11908;1.12077;1.11841;1.12009
H1;2026.10.05 11:00;1.12008;1.12168;1.11949;1.12109
H1;2026.10.05 12:00;1.12109;1.12207;1.12039;1.12072
H1;2026.10.05 13:00;1.12072;1.12091;1.11985;1.11997
H1;2026.10.05 14:00;1.11997;1.12173;1.11961;1.12056
H1;2026.10.05 15:00;1.12056;1.12136;1.11986;1.12106
H1;2026.10.05 16:00;1.12106;1.12138;1.11879;1.11905
H1;2026.10.05 17:00;1.11914;1.12097;1.11873;1.12080
H1;2026.10.05 18:00;1.12080;1.12174;1.12080;1.12120
H1;2026.10.05 19:00;1.12120;1.12121;1.12007;1.12024
H1;2026.10.05 20:00;1.12024;1.12105;1.11973;1.12105
H1;2026.10.05 21:00;1.12105;1.12163;1.12104;1.12152
H1;2026.10.05 22:00;1.12152;1.12205;1.12136;1.12200
H1;2026.10.05 23:00;1.12199;1.12236;1.12169;1.12226
H1;2026.10.06 00:00;1.12192;1.12223;1.12180;1.12214
H1;2026.10.06 01:00;1.12209;1.12234;1.12199;1.12201
H1;2026.10.06 02:00;1.12201;1.12216;1.12165;1.12166
H1;2026.10.06 03:00;1.12166;1.12233;1.12134;1.12229
H1;2026.10.06 04:00;1.12229;1.12311;1.12172;1.12194
H1;2026.10.06 05:00;1.12194;1.12201;1.12123;1.12143
H1;2026.10.06 06:00;1.12143;1.12247;1.12126;1.12221
H1;2026.10.06 07:00;1.12221;1.12227;1.12168;1.12169
H1;2026.10.06 08:00;1.12169;1.12195;1.12117;1.12139
H1;2026.10.06 09:00;1.12138;1.12138;1.12028;1.12103
H1;2026.10.06 10:00;1.12102;1.12431;1.12029;1.12411
H1;2026.10.06 11:00;1.12405;1.12468;1.12260;1.12428
H1;2026.10.06 12:00;1.12427;1.12480;1.12345;1.12418
H1;2026.10.06 13:00;1.12416;1.12483;1.12411;1.12426
H1;2026.10.06 14:00;1.12427;1.12716;1.12410;1.12680
H1;2026.10.06 15:00;1.12680;1.12766;1.12561;1.12584
H1;2026.10.06 16:00;1.12585;1.12657;1.12464;1.12505
H1;2026.10.06 17:00;1.12505;1.12592;1.12451;1.12584
H1;2026.10.06 18:00;1.12583;1.12700;1.12555;1.12623
H1;2026.10.06 19:00;1.12623;1.12638;1.12546;1.12574
H1;2026.10.06 20:00;1.12574;1.12659;1.12554;1.12654
H1;2026.10.06 21:00;1.12654;1.12662;1.12566;1.12603
H1;2026.10.06 22:00;1.12602;1.12623;1.12564;1.12590
H1;2026.10.06 23:00;1.12590;1.12612;1.12563;1.12593
H1;2026.10.07 00:00;1.12590;1.12617;1.12568;1.12603
H1;2026.10.07 01:00;1.12605;1.12630;1.12574;1.12581
H1;2026.10.07 02:00;1.12581;1.12582;1.12517;1.12528
H1;2026.10.07 03:00;1.12528;1.12547;1.12483;1.12487
H1;2026.10.07 04:00;1.12487;1.12487;1.12385;1.12388
H1;2026.10.07 05:00;1.12388;1.12392;1.12334;1.12357
H1;2026.10.07 06:00;1.12357;1.12393;1.12348;1.12381
H1;2026.10.07 07:00;1.12381;1.12381;1.12282;1.12329
H1;2026.10.07 08:00;1.12329;1.12339;1.12273;1.12303
H1;2026.10.07 09:00;1.12303;1.12317;1.12216;1.12277
H1;2026.10.07 10:00;1.12275;1.12292;1.11813;1.11901
H1;2026.10.07 11:00;1.11901;1.12008;1.11796;1.11978
H1;2026.10.07 12:00;1.11978;1.12037;1.11856;1.11978
H1;2026.10.07 13:00;1.11977;1.11979;1.11873;1.11911
H1;2026.10.07 14:00;1.11912;1.11937;1.11765;1.11825
H1;2026.10.07 15:00;1.11826;1.11876;1.11647;1.11734
H1;2026.10.07 16:00;1.11734;1.11866;1.11732;1.11866
H1;2026.10.07 17:00;1.11871;1.11936;1.11758;1.11934
H1;2026.10.07 18:00;1.11934;1.12030;1.11824;1.11868
H1;2026.10.07 19:00;1.11868;1.11976;1.11844;1.11926
H1;2026.10.07 20:00;1.11925;1.11996;1.11906;1.11991
H1;2026.10.07 21:00;1.11992;1.12027;1.11958;1.11981
H1;2026.10.07 22:00;1.11981;1.12003;1.11946;1.11961
H1;2026.10.07 23:00;1.11961;1.11975;1.11935;1.11950
H1;2026.10.08 00:00;1.11963;1.11974;1.11912;1.11966
H1;2026.10.08 01:00;1.11966;1.12027;1.11963;1.12014
H1;2026.10.08 02:00;1.12014;1.12032;1.11998;1.12000
H1;2026.10.08 03:00;1.12001;1.12025;1.11950;1.11983
H1;2026.10.08 04:00;1.11983;1.12085;1.11971;1.12080
H1;2026.10.08 05:00;1.12080;1.12129;1.12020;1.12020
H1;2026.10.08 06:00;1.12020;1.12050;1.11978;1.12045
H1;2026.10.08 07:00;1.12045;1.12065;1.12019;1.12051
H1;2026.10.08 08:00;1.12051;1.12077;1.11928;1.11947
H1;2026.10.08 09:00;1.11948;1.12047;1.11910;1.11917
H1;2026.10.08 10:00;1.11919;1.11981;1.11827;1.11957
H1;2026.10.08 11:00;1.11957;1.12012;1.11866;1.11903
H1;2026.10.08 12:00;1.11904;1.11937;1.11806;1.11819
H1;2026.10.08 13:00;1.11819;1.11868;1.11764;1.11844
H1;2026.10.08 14:00;1.11845;1.11845;1.11718;1.11771
H1;2026.10.08 15:00;1.11771;1.11984;1.11770;1.11817
H1;2026.10.08 16:00;1.11817;1.12003;1.11790;1.11950
H1;2026.10.08 17:00;1.11950;1.12267;1.11924;1.12087
H1;2026.10.08 18:00;1.12085;1.12110;1.11900;1.11921
H1;2026.10.08 19:00;1.11920;1.12027;1.11849;1.11953
H1;2026.10.08 20:00;1.11954;1.12197;1.11951;1.12110
H1;2026.10.08 21:00;1.12110;1.12114;1.12001;1.12078
H1;2026.10.08 22:00;1.12078;1.12135;1.12075;1.12128
H1;2026.10.08 23:00;1.12128;1.12165;1.12092;1.12102
H1;2026.10.09 00:00;1.12081;1.12142;1.12081;1.12137
H1;2026.10.09 01:00;1.12137;1.12157;1.12101;1.12126
H1;2026.10.09 02:00;1.12126;1.12132;1.12105;1.12128
H1;2026.10.09 03:00;1.12128;1.12197;1.12115;1.12182
H1;2026.10.09 04:00;1.12182;1.12287;1.12181;1.12262
H1;2026.10.09 05:00;1.12262;1.12284;1.12220;1.12277
H1;2026.10.09 06:00;1.12277;1.12281;1.12238;1.12267
H1;2026.10.09 07:00;1.12267;1.12297;1.12245;1.12296
H1;2026.10.09 08:00;1.12296;1.12428;1.12296;1.12316
H1;2026.10.09 09:00;1.12316;1.12322;1.12224;1.12254
H1;2026.10.09 10:00;1.12254;1.12332;1.12232;1.12312
H1;2026.10.09 11:00;1.12312;1.12329;1.12161;1.12180
H1;2026.10.09 12:00;1.12181;1.12236;1.12166;1.12167
H1;2026.10.09 13:00;1.12165;1.12205;1.12075;1.12075
H1;2026.10.09 14:00;1.12075;1.12147;1.12053;1.12089
H1;2026.10.09 15:00;1.12089;1.12120;1.11927;1.11979
H1;2026.10.09 16:00;1.11981;1.12002;1.11901;1.11937
H1;2026.10.09 17:00;1.11935;1.12016;1.11900;1.11959
H1;2026.10.09 18:00;1.11959;1.11988;1.11901;1.11918
H1;2026.10.09 19:00;1.11918;1.11936;1.11875;1.11901
H1;2026.10.09 20:00;1.11901;1.11987;1.11901;1.11969
H1;2026.10.09 21:00;1.11969;1.12042;1.11966;1.12021
H1;2026.10.09 22:00;1.12021;1.12036;1.11958;1.12002
M15;2026.10.08 17:45;1.12164;1.12177;1.12084;1.12087
M15;2026.10.08 18:00;1.12085;1.12110;1.12046;1.12048
M15;2026.10.08 18:15;1.12048;1.12056;1.11974;1.12002
M15;2026.10.08 18:30;1.12001;1.12004;1.11964;1.11986
M15;2026.10.08 18:45;1.11986;1.11990;1.11900;1.11921
M15;2026.10.08 19:00;1.11920;1.11930;1.11856;1.11912
M15;2026.10.08 19:15;1.11912;1.12027;1.11884;1.11912
M15;2026.10.08 19:30;1.11908;1.11947;1.11849;1.11937
M15;2026.10.08 19:45;1.11938;1.11982;1.11922;1.11953
M15;2026.10.08 20:00;1.11954;1.12087;1.11951;1.12071
M15;2026.10.08 20:15;1.12071;1.12197;1.12063;1.12151
M15;2026.10.08 20:30;1.12151;1.12167;1.12114;1.12134
M15;2026.10.08 20:45;1.12134;1.12137;1.12063;1.12110
M15;2026.10.08 21:00;1.12110;1.12114;1.12002;1.12036
M15;2026.10.08 21:15;1.12036;1.12060;1.12001;1.12026
M15;2026.10.08 21:30;1.12026;1.12054;1.12012;1.12054
M15;2026.10.08 21:45;1.12054;1.12107;1.12052;1.12078
M15;2026.10.08 22:00;1.12078;1.12121;1.12078;1.12118
M15;2026.10.08 22:15;1.12119;1.12120;1.12091;1.12091
M15;2026.10.08 22:30;1.12091;1.12112;1.12075;1.12103
M15;2026.10.08 22:45;1.12103;1.12135;1.12091;1.12128
M15;2026.10.08 23:00;1.12128;1.12164;1.12127;1.12151
M15;2026.10.08 23:15;1.12151;1.12165;1.12108;1.12108
M15;2026.10.08 23:30;1.12108;1.12139;1.12097;1.12110
M15;2026.10.08 23:45;1.12110;1.12133;1.12092;1.12102
M15;2026.10.09 00:00;1.12081;1.12107;1.12081;1.12107
M15;2026.10.09 00:15;1.12107;1.12132;1.12107;1.12129
M15;2026.10.09 00:30;1.12129;1.12142;1.12120;1.12134
M15;2026.10.09 00:45;1.12134;1.12140;1.12126;1.12137
M15;2026.10.09 01:00;1.12137;1.12137;1.12101;1.12125
M15;2026.10.09 01:15;1.12125;1.12157;1.12120;1.12157
M15;2026.10.09 01:30;1.12157;1.12157;1.12135;1.12142
M15;2026.10.09 01:45;1.12142;1.12147;1.12124;1.12126
M15;2026.10.09 02:00;1.12126;1.12127;1.12111;1.12115
M15;2026.10.09 02:15;1.12116;1.12130;1.12115;1.12122
M15;2026.10.09 02:30;1.12122;1.12128;1.12106;1.12108
M15;2026.10.09 02:45;1.12108;1.12132;1.12105;1.12128
M15;2026.10.09 03:00;1.12128;1.12181;1.12115;1.12175
M15;2026.10.09 03:15;1.12175;1.12177;1.12149;1.12163
M15;2026.10.09 03:30;1.12163;1.12169;1.12138;1.12162
M15;2026.10.09 03:45;1.12162;1.12197;1.12150;1.12182
M15;2026.10.09 04:00;1.12182;1.12206;1.12181;1.12205
M15;2026.10.09 04:15;1.12205;1.12250;1.12205;1.12242
M15;2026.10.09 04:30;1.12242;1.12287;1.12242;1.12280
M15;2026.10.09 04:45;1.12280;1.12283;1.12252;1.12262
M15;2026.10.09 05:00;1.12262;1.12276;1.12220;1.12229
M15;2026.10.09 05:15;1.12229;1.12253;1.12228;1.12248
M15;2026.10.09 05:30;1.12248;1.12272;1.12240;1.12252
M15;2026.10.09 05:45;1.12252;1.12284;1.12249;1.12277
M15;2026.10.09 06:00;1.12277;1.12281;1.12246;1.12255
M15;2026.10.09 06:15;1.12255;1.12262;1.12242;1.12247
M15;2026.10.09 06:30;1.12246;1.12251;1.12238;1.12242
M15;2026.10.09 06:45;1.12242;1.12268;1.12240;1.12267
M15;2026.10.09 07:00;1.12267;1.12278;1.12256;1.12257
M15;2026.10.09 07:15;1.12257;1.12263;1.12245;1.12251
M15;2026.10.09 07:30;1.12251;1.12276;1.12250;1.12271
M15;2026.10.09 07:45;1.12271;1.12297;1.12261;1.12296
M15;2026.10.09 08:00;1.12296;1.12312;1.12296;1.12307
M15;2026.10.09 08:15;1.12307;1.12345;1.12306;1.12345
M15;2026.10.09 08:30;1.12345;1.12428;1.12342;1.12408
M15;2026.10.09 08:45;1.12408;1.12409;1.12310;1.12316
M15;2026.10.09 09:00;1.12316;1.12322;1.12250;1.12267
M15;2026.10.09 09:15;1.12267;1.12304;1.12246;1.12267
M15;2026.10.09 09:30;1.12268;1.12292;1.12237;1.12253
M15;2026.10.09 09:45;1.12253;1.12277;1.12224;1.12254
M15;2026.10.09 10:00;1.12254;1.12287;1.12232;1.12261
M15;2026.10.09 10:15;1.12261;1.12332;1.12260;1.12310
M15;2026.10.09 10:30;1.12310;1.12326;1.12255;1.12273
M15;2026.10.09 10:45;1.12273;1.12321;1.12270;1.12312
M15;2026.10.09 11:00;1.12312;1.12329;1.12232;1.12294
M15;2026.10.09 11:15;1.12294;1.12321;1.12265;1.12298
M15;2026.10.09 11:30;1.12299;1.12300;1.12248;1.12258
M15;2026.10.09 11:45;1.12258;1.12264;1.12161;1.12180
M15;2026.10.09 12:00;1.12181;1.12236;1.12179;1.12208
M15;2026.10.09 12:15;1.12209;1.12227;1.12187;1.12200
M15;2026.10.09 12:30;1.12200;1.12215;1.12176;1.12206
M15;2026.10.09 12:45;1.12206;1.12225;1.12166;1.12167
M15;2026.10.09 13:00;1.12165;1.12205;1.12162;1.12182
M15;2026.10.09 13:15;1.12182;1.12192;1.12122;1.12156
M15;2026.10.09 13:30;1.12156;1.12157;1.12100;1.12114
M15;2026.10.09 13:45;1.12114;1.12117;1.12075;1.12075
M15;2026.10.09 14:00;1.12075;1.12100;1.12053;1.12074
M15;2026.10.09 14:15;1.12074;1.12135;1.12069;1.12131
M15;2026.10.09 14:30;1.12131;1.12147;1.12110;1.12110
M15;2026.10.09 14:45;1.12110;1.12135;1.12065;1.12089
M15;2026.10.09 15:00;1.12089;1.12120;1.12025;1.12046
M15;2026.10.09 15:15;1.12046;1.12056;1.12012;1.12037
M15;2026.10.09 15:30;1.12037;1.12060;1.11973;1.11987
M15;2026.10.09 15:45;1.11984;1.11992;1.11927;1.11979
M15;2026.10.09 16:00;1.11981;1.12002;1.11955;1.11991
M15;2026.10.09 16:15;1.11991;1.11997;1.11936;1.11981
M15;2026.10.09 16:30;1.11979;1.11996;1.11909;1.11915
M15;2026.10.09 16:45;1.11914;1.11941;1.11901;1.11937
M15;2026.10.09 17:00;1.11935;1.11976;1.11900;1.11921
M15;2026.10.09 17:15;1.11923;1.11973;1.11918;1.11969
M15;2026.10.09 17:30;1.11969;1.12008;1.11962;1.11987
M15;2026.10.09 17:45;1.11987;1.12016;1.11952;1.11959
M15;2026.10.09 18:00;1.11959;1.11980;1.11930;1.11966
M15;2026.10.09 18:15;1.11966;1.11988;1.11946;1.11961
M15;2026.10.09 18:30;1.11962;1.11969;1.11905;1.11909
M15;2026.10.09 18:45;1.11909;1.11948;1.11901;1.11918
M15;2026.10.09 19:00;1.11918;1.11936;1.11896;1.11918
M15;2026.10.09 19:15;1.11918;1.11923;1.11891;1.11901
M15;2026.10.09 19:30;1.11901;1.11911;1.11890;1.11904
M15;2026.10.09 19:45;1.11904;1.11924;1.11875;1.11901
M15;2026.10.09 20:00;1.11901;1.11959;1.11901;1.11957
M15;2026.10.09 20:15;1.11957;1.11987;1.11925;1.11926
M15;2026.10.09 20:30;1.11925;1.11945;1.11909;1.11939
M15;2026.10.09 20:45;1.11940;1.11971;1.11930;1.11969
M15;2026.10.09 21:00;1.11969;1.12000;1.11966;1.11996
M15;2026.10.09 21:15;1.11996;1.11998;1.11975;1.11979
M15;2026.10.09 21:30;1.11979;1.12000;1.11970;1.11990
M15;2026.10.09 21:45;1.11990;1.12042;1.11978;1.12021
M15;2026.10.09 22:00;1.12021;1.12036;1.12012;1.12028
M15;2026.10.09 22:15;1.12028;1.12032;1.11995;1.12005
M15;2026.10.09 22:30;1.12005;1.12016;1.11991;1.11991
M15;2026.10.09 22:45;1.11991;1.12008;1.11958;1.12002
M15;2026.10.09 23:00;1.12002;1.12022;1.12001;1.12019
M15;2026.10.09 23:15;1.12019;1.12041;1.12014;1.12015
M15;2026.10.09 23:30;1.12015;1.12027;1.12004;1.12026
