META;GBPUSD;utc=2026.10.08 23:22;bid=1.32289;ask=1.32303;spread_pts=14;digits=5;point=0.000010;server_minus_utc_sec=10799
D1;2026.06.05 00:00;1.34230;1.34831;1.33302;1.33363
D1;2026.06.08 00:00;1.33241;1.33695;1.33059;1.33384
D1;2026.06.09 00:00;1.33370;1.34107;1.33310;1.33789
D1;2026.06.10 00:00;1.33695;1.34233;1.33641;1.33672
D1;2026.06.11 00:00;1.33681;1.34333;1.33245;1.34155
D1;2026.06.12 00:00;1.34072;1.34261;1.33834;1.34039
D1;2026.06.15 00:00;1.33981;1.34610;1.33978;1.34117
D1;2026.06.16 00:00;1.34081;1.34431;1.33905;1.34257
D1;2026.06.17 00:00;1.34273;1.34341;1.32619;1.32943
D1;2026.06.18 00:00;1.32861;1.33248;1.31930;1.32040
D1;2026.06.19 00:00;1.32031;1.32407;1.31630;1.32283
D1;2026.06.22 00:00;1.31854;1.32730;1.31835;1.32499
D1;2026.06.23 00:00;1.32475;1.32548;1.31821;1.32026
D1;2026.06.24 00:00;1.31975;1.32090;1.31400;1.31693
D1;2026.06.25 00:00;1.31631;1.32190;1.31511;1.31904
D1;2026.06.26 00:00;1.31906;1.32318;1.31801;1.31922
D1;2026.06.29 00:00;1.31992;1.32622;1.31906;1.32592
D1;2026.06.30 00:00;1.32519;1.32765;1.32123;1.32594
D1;2026.07.01 00:00;1.32586;1.32919;1.32189;1.32751
D1;2026.07.02 00:00;1.32680;1.33847;1.32657;1.33470
D1;2026.07.03 00:00;1.33397;1.33811;1.33345;1.33489
D1;2026.07.06 00:00;1.33426;1.33970;1.33286;1.33891
D1;2026.07.07 00:00;1.33869;1.34016;1.33488;1.33579
D1;2026.07.08 00:00;1.33454;1.34103;1.33221;1.33883
D1;2026.07.09 00:00;1.33882;1.34307;1.33806;1.34081
D1;2026.07.10 00:00;1.34026;1.34516;1.33919;1.33958
D1;2026.07.13 00:00;1.33850;1.34115;1.33423;1.33452
D1;2026.07.14 00:00;1.33482;1.34432;1.33418;1.33908
D1;2026.07.15 00:00;1.33827;1.35580;1.33721;1.35373
D1;2026.07.16 00:00;1.35294;1.35441;1.34596;1.34798
D1;2026.07.17 00:00;1.34720;1.34806;1.34260;1.34548
D1;2026.07.20 00:00;1.34417;1.34810;1.34125;1.34306
D1;2026.07.21 00:00;1.34269;1.34554;1.33597;1.33744
D1;2026.07.22 00:00;1.33674;1.33951;1.33548;1.33753
D1;2026.07.23 00:00;1.33724;1.33932;1.32986;1.33147
D1;2026.07.24 00:00;1.33129;1.33489;1.33028;1.33193
D1;2026.07.27 00:00;1.33401;1.33635;1.32842;1.32874
D1;2026.07.28 00:00;1.32885;1.33112;1.32734;1.32888
D1;2026.07.29 00:00;1.32854;1.33872;1.32785;1.33672
D1;2026.07.30 00:00;1.33653;1.34766;1.33328;1.34635
D1;2026.07.31 00:00;1.34594;1.34946;1.34001;1.34910
D1;2026.08.03 00:00;1.34910;1.35060;1.34174;1.34328
D1;2026.08.04 00:00;1.34214;1.34559;1.34195;1.34539
D1;2026.08.05 00:00;1.34409;1.34860;1.34397;1.34683
D1;2026.08.06 00:00;1.34602;1.34792;1.34483;1.34528
D1;2026.08.07 00:00;1.34500;1.35087;1.34342;1.34912
D1;2026.08.10 00:00;1.34902;1.35303;1.34831;1.35068
D1;2026.08.11 00:00;1.34999;1.35157;1.34920;1.35076
D1;2026.08.12 00:00;1.35017;1.35451;1.34877;1.34947
D1;2026.08.13 00:00;1.34888;1.35128;1.34743;1.34864
D1;2026.08.14 00:00;1.34786;1.35617;1.34779;1.35335
D1;2026.08.17 00:00;1.35361;1.35710;1.35287;1.35402
D1;2026.08.18 00:00;1.35382;1.35539;1.35195;1.35316
D1;2026.08.19 00:00;1.35261;1.36303;1.35232;1.36069
D1;2026.08.20 00:00;1.36054;1.36593;1.35944;1.36306
D1;2026.08.21 00:00;1.36240;1.36755;1.36183;1.36435
D1;2026.08.24 00:00;1.36229;1.36559;1.36210;1.36303
D1;2026.08.25 00:00;1.36280;1.36548;1.36219;1.36491
D1;2026.08.26 00:00;1.36392;1.36499;1.35831;1.35977
D1;2026.08.27 00:00;1.35861;1.36025;1.35707;1.35923
D1;2026.08.28 00:00;1.35811;1.35986;1.35267;1.35323
D1;2026.08.31 00:00;1.35308;1.35652;1.35277;1.35476
D1;2026.09.01 00:00;1.35431;1.35594;1.35061;1.35156
D1;2026.09.02 00:00;1.35115;1.35186;1.34745;1.34839
D1;2026.09.03 00:00;1.34790;1.35480;1.34790;1.35232
D1;2026.09.04 00:00;1.35206;1.35490;1.34816;1.35148
D1;2026.09.07 00:00;1.35117;1.35475;1.35054;1.35403
D1;2026.09.08 00:00;1.35311;1.35618;1.35214;1.35400
D1;2026.09.09 00:00;1.35334;1.35678;1.35298;1.35462
D1;2026.09.10 00:00;1.35376;1.35601;1.34911;1.35107
D1;2026.09.11 00:00;1.35040;1.35346;1.34801;1.35268
D1;2026.09.14 00:00;1.35214;1.35283;1.34639;1.35001
D1;2026.09.15 00:00;1.34963;1.35046;1.34641;1.34753
D1;2026.09.16 00:00;1.34690;1.34947;1.33721;1.33805
D1;2026.09.17 00:00;1.33717;1.34062;1.33361;1.33576
D1;2026.09.18 00:00;1.33501;1.33979;1.33353;1.33933
D1;2026.09.21 00:00;1.33832;1.34001;1.33649;1.33686
D1;2026.09.22 00:00;1.33630;1.33870;1.33214;1.33441
D1;2026.09.23 00:00;1.33370;1.33462;1.32234;1.32393
D1;2026.09.24 00:00;1.32337;1.32559;1.32042;1.32188
D1;2026.09.25 00:00;1.32133;1.32634;1.32089;1.32444
D1;2026.09.28 00:00;1.32284;1.32800;1.32211;1.32538
D1;2026.09.29 00:00;1.32546;1.32579;1.32021;1.32308
D1;2026.09.30 00:00;1.32228;1.33111;1.32226;1.32624
D1;2026.10.01 00:00;1.32575;1.32725;1.31808;1.31925
D1;2026.10.02 00:00;1.31900;1.32558;1.31814;1.32370
D1;2026.10.05 00:00;1.32303;1.32500;1.31899;1.32224
D1;2026.10.06 00:00;1.32161;1.32854;1.32011;1.32736
D1;2026.10.07 00:00;1.32665;1.32756;1.31937;1.32120
D1;2026.10.08 00:00;1.32132;1.32485;1.31843;1.32282
H4;2026.09.04 00:00;1.35206;1.35335;1.35206;1.35300
H4;2026.09.04 04:00;1.35300;1.35376;1.35265;1.35317
H4;2026.09.04 08:00;1.35317;1.35490;1.35292;1.35328
H4;2026.09.04 12:00;1.35327;1.35385;1.34816;1.35039
H4;2026.09.04 16:00;1.35039;1.35250;1.34949;1.35199
H4;2026.09.04 20:00;1.35199;1.35217;1.35107;1.35148
H4;2026.09.07 00:00;1.35117;1.35221;1.35097;1.35200
H4;2026.09.07 04:00;1.35200;1.35205;1.35054;1.35119
H4;2026.09.07 08:00;1.35119;1.35450;1.35097;1.35356
H4;2026.09.07 12:00;1.35355;1.35436;1.35291;1.35374
H4;2026.09.07 16:00;1.35374;1.35475;1.35355;1.35464
H4;2026.09.07 20:00;1.35465;1.35465;1.35388;1.35403
H4;2026.09.08 00:00;1.35311;1.35487;1.35311;1.35424
H4;2026.09.08 04:00;1.35424;1.35497;1.35336;1.35397
H4;2026.09.08 08:00;1.35397;1.35527;1.35221;1.35254
H4;2026.09.08 12:00;1.35253;1.35555;1.35214;1.35540
H4;2026.09.08 16:00;1.35541;1.35618;1.35305;1.35360
H4;2026.09.08 20:00;1.35363;1.35504;1.35357;1.35400
H4;2026.09.09 00:00;1.35334;1.35479;1.35298;1.35479
H4;2026.09.09 04:00;1.35479;1.35505;1.35413;1.35501
H4;2026.09.09 08:00;1.35502;1.35678;1.35418;1.35425
H4;2026.09.09 12:00;1.35425;1.35662;1.35303;1.35504
H4;2026.09.09 16:00;1.35508;1.35648;1.35344;1.35515
H4;2026.09.09 20:00;1.35515;1.35607;1.35413;1.35462
H4;2026.09.10 00:00;1.35376;1.35527;1.35352;1.35456
H4;2026.09.10 04:00;1.35456;1.35601;1.35450;1.35532
H4;2026.09.10 08:00;1.35532;1.35593;1.35468;1.35565
H4;2026.09.10 12:00;1.35565;1.35575;1.34911;1.35109
H4;2026.09.10 16:00;1.35110;1.35343;1.34962;1.35233
H4;2026.09.10 20:00;1.35233;1.35304;1.35044;1.35107
H4;2026.09.11 00:00;1.35040;1.35156;1.34986;1.35155
H4;2026.09.11 04:00;1.35155;1.35162;1.34954;1.35026
H4;2026.09.11 08:00;1.35026;1.35264;1.35017;1.35057
H4;2026.09.11 12:00;1.35056;1.35239;1.34801;1.35237
H4;2026.09.11 16:00;1.35238;1.35346;1.35135;1.35231
H4;2026.09.11 20:00;1.35231;1.35285;1.35171;1.35268
H4;2026.09.14 00:00;1.35214;1.35283;1.35127;1.35182
H4;2026.09.14 04:00;1.35182;1.35196;1.35013;1.35033
H4;2026.09.14 08:00;1.35033;1.35063;1.34794;1.34832
H4;2026.09.14 12:00;1.34832;1.34961;1.34665;1.34689
H4;2026.09.14 16:00;1.34689;1.35086;1.34639;1.35053
H4;2026.09.14 20:00;1.35053;1.35134;1.34960;1.35001
H4;2026.09.15 00:00;1.34963;1.35046;1.34945;1.34953
H4;2026.09.15 04:00;1.34953;1.34962;1.34825;1.34837
H4;2026.09.15 08:00;1.34841;1.34864;1.34641;1.34740
H4;2026.09.15 12:00;1.34742;1.34896;1.34679;1.34818
H4;2026.09.15 16:00;1.34818;1.34964;1.34696;1.34811
H4;2026.09.15 20:00;1.34813;1.34824;1.34710;1.34753
H4;2026.09.16 00:00;1.34690;1.34789;1.34663;1.34692
H4;2026.09.16 04:00;1.34692;1.34856;1.34652;1.34844
H4;2026.09.16 08:00;1.34844;1.34947;1.34666;1.34704
H4;2026.09.16 12:00;1.34703;1.34731;1.34457;1.34572
H4;2026.09.16 16:00;1.34572;1.34629;1.34422;1.34449
H4;2026.09.16 20:00;1.34449;1.34601;1.33721;1.33805
H4;2026.09.17 00:00;1.33717;1.33869;1.33717;1.33723
H4;2026.09.17 04:00;1.33723;1.33809;1.33693;1.33807
H4;2026.09.17 08:00;1.33807;1.34020;1.33778;1.33949
H4;2026.09.17 12:00;1.33950;1.34062;1.33496;1.33862
H4;2026.09.17 16:00;1.33862;1.33880;1.33361;1.33485
H4;2026.09.17 20:00;1.33485;1.33590;1.33452;1.33576
H4;2026.09.18 00:00;1.33501;1.33619;1.33470;1.33610
H4;2026.09.18 04:00;1.33610;1.33756;1.33559;1.33688
H4;2026.09.18 08:00;1.33688;1.33748;1.33606;1.33705
H4;2026.09.18 12:00;1.33703;1.33726;1.33353;1.33484
H4;2026.09.18 16:00;1.33484;1.33856;1.33391;1.33822
H4;2026.09.18 20:00;1.33823;1.33979;1.33823;1.33933
H4;2026.09.21 00:00;1.33832;1.33938;1.33793;1.33874
H4;2026.09.21 04:00;1.33874;1.33930;1.33735;1.33779
H4;2026.09.21 08:00;1.33778;1.33886;1.33685;1.33827
H4;2026.09.21 12:00;1.33828;1.34001;1.33795;1.33909
H4;2026.09.21 16:00;1.33909;1.33941;1.33671;1.33691
H4;2026.09.21 20:00;1.33690;1.33741;1.33649;1.33686
H4;2026.09.22 00:00;1.33630;1.33756;1.33597;1.33740
H4;2026.09.22 04:00;1.33740;1.33870;1.33621;1.33868
H4;2026.09.22 08:00;1.33868;1.33870;1.33262;1.33570
H4;2026.09.22 12:00;1.33571;1.33735;1.33473;1.33551
H4;2026.09.22 16:00;1.33551;1.33660;1.33214;1.33306
H4;2026.09.22 20:00;1.33306;1.33493;1.33230;1.33441
H4;2026.09.23 00:00;1.33370;1.33462;1.33364;1.33373
H4;2026.09.23 04:00;1.33374;1.33374;1.33148;1.33158
H4;2026.09.23 08:00;1.33157;1.33225;1.32933;1.33010
H4;2026.09.23 12:00;1.33010;1.33025;1.32633;1.32756
H4;2026.09.23 16:00;1.32756;1.32887;1.32300;1.32333
H4;2026.09.23 20:00;1.32333;1.32544;1.32234;1.32393
H4;2026.09.24 00:00;1.32337;1.32442;1.32228;1.32289
H4;2026.09.24 04:00;1.32289;1.32446;1.32244;1.32415
H4;2026.09.24 08:00;1.32415;1.32559;1.32305;1.32372
H4;2026.09.24 12:00;1.32371;1.32415;1.32144;1.32314
H4;2026.09.24 16:00;1.32314;1.32401;1.32094;1.32289
H4;2026.09.24 20:00;1.32287;1.32356;1.32042;1.32188
H4;2026.09.25 00:00;1.32133;1.32188;1.32089;1.32140
H4;2026.09.25 04:00;1.32140;1.32238;1.32101;1.32127
H4;2026.09.25 08:00;1.32127;1.32407;1.32120;1.32331
H4;2026.09.25 12:00;1.32330;1.32594;1.32306;1.32568
H4;2026.09.25 16:00;1.32568;1.32634;1.32291;1.32421
H4;2026.09.25 20:00;1.32421;1.32544;1.32399;1.32444
H4;2026.09.28 00:00;1.32284;1.32394;1.32211;1.32366
H4;2026.09.28 04:00;1.32366;1.32473;1.32332;1.32430
H4;2026.09.28 08:00;1.32430;1.32746;1.32313;1.32682
H4;2026.09.28 12:00;1.32682;1.32693;1.32487;1.32578
H4;2026.09.28 16:00;1.32578;1.32800;1.32404;1.32644
H4;2026.09.28 20:00;1.32643;1.32752;1.32491;1.32538
H4;2026.09.29 00:00;1.32546;1.32579;1.32429;1.32467
H4;2026.09.29 04:00;1.32467;1.32554;1.32337;1.32351
H4;2026.09.29 08:00;1.32351;1.32450;1.32270;1.32365
H4;2026.09.29 12:00;1.32365;1.32524;1.32210;1.32239
H4;2026.09.29 16:00;1.32237;1.32336;1.32021;1.32054
H4;2026.09.29 20:00;1.32053;1.32340;1.32046;1.32308
H4;2026.09.30 00:00;1.32228;1.32316;1.32226;1.32287
H4;2026.09.30 04:00;1.32287;1.32344;1.32228;1.32269
H4;2026.09.30 08:00;1.32269;1.32781;1.32267;1.32750
H4;2026.09.30 12:00;1.32749;1.33111;1.32663;1.32884
H4;2026.09.30 16:00;1.32888;1.32961;1.32560;1.32638
H4;2026.09.30 20:00;1.32643;1.32692;1.32555;1.32624
H4;2026.10.01 00:00;1.32575;1.32712;1.32575;1.32681
H4;2026.10.01 04:00;1.32682;1.32725;1.32498;1.32503
H4;2026.10.01 08:00;1.32503;1.32663;1.32098;1.32115
H4;2026.10.01 12:00;1.32114;1.32493;1.31928;1.32294
H4;2026.10.01 16:00;1.32294;1.32357;1.31823;1.31846
H4;2026.10.01 20:00;1.31846;1.32087;1.31808;1.31925
H4;2026.10.02 00:00;1.31900;1.31989;1.31840;1.31840
H4;2026.10.02 04:00;1.31837;1.32122;1.31814;1.32104
H4;2026.10.02 08:00;1.32105;1.32215;1.32020;1.32077
H4;2026.10.02 12:00;1.32077;1.32417;1.31959;1.32319
H4;2026.10.02 16:00;1.32319;1.32558;1.32109;1.32318
H4;2026.10.02 20:00;1.32318;1.32490;1.32295;1.32370
H4;2026.10.05 00:00;1.32303;1.32500;1.32303;1.32386
H4;2026.10.05 04:00;1.32385;1.32395;1.31899;1.32087
H4;2026.10.05 08:00;1.32089;1.32380;1.32035;1.32312
H4;2026.10.05 12:00;1.32312;1.32389;1.32132;1.32172
H4;2026.10.05 16:00;1.32170;1.32286;1.31904;1.32135
H4;2026.10.05 20:00;1.32134;1.32247;1.32048;1.32224
H4;2026.10.06 00:00;1.32161;1.32254;1.32145;1.32236
H4;2026.10.06 04:00;1.32236;1.32317;1.32123;1.32157
H4;2026.10.06 08:00;1.32157;1.32447;1.32011;1.32420
H4;2026.10.06 12:00;1.32419;1.32827;1.32349;1.32732
H4;2026.10.06 16:00;1.32732;1.32854;1.32610;1.32722
H4;2026.10.06 20:00;1.32722;1.32803;1.32686;1.32736
H4;2026.10.07 00:00;1.32665;1.32756;1.32596;1.32624
H4;2026.10.07 04:00;1.32623;1.32626;1.32464;1.32488
H4;2026.10.07 08:00;1.32488;1.32544;1.32298;1.32401
H4;2026.10.07 12:00;1.32401;1.32455;1.31937;1.32027
H4;2026.10.07 16:00;1.32027;1.32239;1.31937;1.32117
H4;2026.10.07 20:00;1.32117;1.32213;1.32082;1.32120
H4;2026.10.08 00:00;1.32132;1.32182;1.32079;1.32080
H4;2026.10.08 04:00;1.32081;1.32222;1.32059;1.32096
H4;2026.10.08 08:00;1.32096;1.32124;1.31873;1.31950
H4;2026.10.08 12:00;1.31949;1.32133;1.31843;1.32010
H4;2026.10.08 16:00;1.32010;1.32485;1.31973;1.32133
H4;2026.10.08 20:00;1.32134;1.32349;1.32131;1.32282
H1;2026.09.30 20:00;1.32643;1.32692;1.32638;1.32657
H1;2026.09.30 21:00;1.32657;1.32675;1.32592;1.32626
H1;2026.09.30 22:00;1.32626;1.32650;1.32555;1.32600
H1;2026.09.30 23:00;1.32601;1.32668;1.32569;1.32624
H1;2026.10.01 00:00;1.32575;1.32668;1.32575;1.32617
H1;2026.10.01 01:00;1.32614;1.32673;1.32605;1.32633
H1;2026.10.01 02:00;1.32633;1.32655;1.32612;1.32641
H1;2026.10.01 03:00;1.32641;1.32712;1.32609;1.32681
H1;2026.10.01 04:00;1.32682;1.32725;1.32601;1.32602
H1;2026.10.01 05:00;1.32601;1.32609;1.32532;1.32550
H1;2026.10.01 06:00;1.32550;1.32584;1.32498;1.32581
H1;2026.10.01 07:00;1.32580;1.32603;1.32498;1.32503
H1;2026.10.01 08:00;1.32503;1.32510;1.32448;1.32453
H1;2026.10.01 09:00;1.32452;1.32646;1.32451;1.32634
H1;2026.10.01 10:00;1.32633;1.32663;1.32251;1.32331
H1;2026.10.01 11:00;1.32331;1.32401;1.32098;1.32115
H1;2026.10.01 12:00;1.32114;1.32278;1.32000;1.32004
H1;2026.10.01 13:00;1.32003;1.32263;1.31928;1.32250
H1;2026.10.01 14:00;1.32252;1.32493;1.32114;1.32412
H1;2026.10.01 15:00;1.32412;1.32445;1.32276;1.32294
H1;2026.10.01 16:00;1.32294;1.32357;1.32162;1.32348
H1;2026.10.01 17:00;1.32347;1.32350;1.32096;1.32112
H1;2026.10.01 18:00;1.32112;1.32157;1.31823;1.31940
H1;2026.10.01 19:00;1.31940;1.32065;1.31834;1.31846
H1;2026.10.01 20:00;1.31846;1.32087;1.31817;1.31850
H1;2026.10.01 21:00;1.31850;1.31949;1.31808;1.31893
H1;2026.10.01 22:00;1.31894;1.32006;1.31860;1.31939
H1;2026.10.01 23:00;1.31939;1.32013;1.31913;1.31925
H1;2026.10.02 00:00;1.31900;1.31989;1.31874;1.31919
H1;2026.10.02 01:00;1.31919;1.31961;1.31909;1.31956
H1;2026.10.02 02:00;1.31956;1.31983;1.31949;1.31972
H1;2026.10.02 03:00;1.31972;1.31979;1.31840;1.31840
H1;2026.10.02 04:00;1.31837;1.31890;1.31814;1.31890
H1;2026.10.02 05:00;1.31890;1.32013;1.31881;1.31991
H1;2026.10.02 06:00;1.31991;1.32095;1.31991;1.32077
H1;2026.10.02 07:00;1.32079;1.32122;1.32074;1.32104
H1;2026.10.02 08:00;1.32105;1.32122;1.32050;1.32064
H1;2026.10.02 09:00;1.32066;1.32190;1.32064;1.32134
H1;2026.10.02 10:00;1.32134;1.32179;1.32065;1.32133
H1;2026.10.02 11:00;1.32133;1.32215;1.32020;1.32077
H1;2026.10.02 12:00;1.32077;1.32153;1.32018;1.32112
H1;2026.10.02 13:00;1.32112;1.32132;1.31995;1.32067
H1;2026.10.02 14:00;1.32068;1.32133;1.32021;1.32061
H1;2026.10.02 15:00;1.32061;1.32417;1.31959;1.32319
H1;2026.10.02 16:00;1.32319;1.32471;1.32109;1.32471
H1;2026.10.02 17:00;1.32471;1.32558;1.32342;1.32485
H1;2026.10.02 18:00;1.32486;1.32487;1.32238;1.32296
H1;2026.10.02 19:00;1.32297;1.32347;1.32235;1.32318
H1;2026.10.02 20:00;1.32318;1.32397;1.32295;1.32373
H1;2026.10.02 21:00;1.32375;1.32405;1.32330;1.32388
H1;2026.10.02 22:00;1.32388;1.32490;1.32368;1.32459
H1;2026.10.02 23:00;1.32459;1.32474;1.32369;1.32370
H1;2026.10.05 00:00;1.32303;1.32402;1.32303;1.32350
H1;2026.10.05 01:00;1.32350;1.32500;1.32350;1.32473
H1;2026.10.05 02:00;1.32473;1.32474;1.32382;1.32422
H1;2026.10.05 03:00;1.32422;1.32438;1.32365;1.32386
H1;2026.10.05 04:00;1.32385;1.32395;1.32317;1.32368
H1;2026.10.05 05:00;1.32368;1.32369;1.31951;1.31964
H1;2026.10.05 06:00;1.31963;1.32076;1.31899;1.31955
H1;2026.10.05 07:00;1.31955;1.32088;1.31927;1.32087
H1;2026.10.05 08:00;1.32089;1.32120;1.32035;1.32087
H1;2026.10.05 09:00;1.32092;1.32195;1.32052;1.32191
H1;2026.10.05 10:00;1.32191;1.32301;1.32087;1.32253
H1;2026.10.05 11:00;1.32253;1.32380;1.32232;1.32312
H1;2026.10.05 12:00;1.32312;1.32389;1.32189;1.32283
H1;2026.10.05 13:00;1.32283;1.32291;1.32195;1.32205
H1;2026.10.05 14:00;1.32206;1.32326;1.32159;1.32270
H1;2026.10.05 15:00;1.32270;1.32312;1.32132;1.32172
H1;2026.10.05 16:00;1.32170;1.32210;1.31904;1.31986
H1;2026.10.05 17:00;1.31985;1.32214;1.31952;1.32201
H1;2026.10.05 18:00;1.32201;1.32286;1.32136;1.32164
H1;2026.10.05 19:00;1.32164;1.32199;1.32043;1.32135
H1;2026.10.05 20:00;1.32134;1.32162;1.32048;1.32160
H1;2026.10.05 21:00;1.32160;1.32203;1.32098;1.32186
H1;2026.10.05 22:00;1.32187;1.32247;1.32166;1.32230
H1;2026.10.05 23:00;1.32229;1.32245;1.32206;1.32224
H1;2026.10.06 00:00;1.32161;1.32192;1.32145;1.32183
H1;2026.10.06 01:00;1.32183;1.32254;1.32183;1.32211
H1;2026.10.06 02:00;1.32211;1.32240;1.32177;1.32179
H1;2026.10.06 03:00;1.32179;1.32238;1.32159;1.32236
H1;2026.10.06 04:00;1.32236;1.32317;1.32202;1.32213
H1;2026.10.06 05:00;1.32213;1.32218;1.32129;1.32141
H1;2026.10.06 06:00;1.32141;1.32237;1.32123;1.32209
H1;2026.10.06 07:00;1.32209;1.32219;1.32151;1.32157
H1;2026.10.06 08:00;1.32157;1.32181;1.32117;1.32141
H1;2026.10.06 09:00;1.32142;1.32166;1.32011;1.32163
H1;2026.10.06 10:00;1.32162;1.32397;1.32102;1.32369
H1;2026.10.06 11:00;1.32365;1.32447;1.32269;1.32420
H1;2026.10.06 12:00;1.32419;1.32463;1.32349;1.32406
H1;2026.10.06 13:00;1.32399;1.32481;1.32399;1.32465
H1;2026.10.06 14:00;1.32465;1.32816;1.32436;1.32771
H1;2026.10.06 15:00;1.32771;1.32827;1.32709;1.32732
H1;2026.10.06 16:00;1.32732;1.32832;1.32626;1.32668
H1;2026.10.06 17:00;1.32668;1.32786;1.32610;1.32779
H1;2026.10.06 18:00;1.32779;1.32854;1.32747;1.32759
H1;2026.10.06 19:00;1.32759;1.32780;1.32665;1.32722
H1;2026.10.06 20:00;1.32722;1.32792;1.32686;1.32788
H1;2026.10.06 21:00;1.32789;1.32803;1.32735;1.32774
H1;2026.10.06 22:00;1.32774;1.32790;1.32737;1.32760
H1;2026.10.06 23:00;1.32760;1.32788;1.32699;1.32736
H1;2026.10.07 00:00;1.32665;1.32717;1.32596;1.32653
H1;2026.10.07 01:00;1.32727;1.32756;1.32711;1.32719
H1;2026.10.07 02:00;1.32719;1.32721;1.32658;1.32663
H1;2026.10.07 03:00;1.32663;1.32684;1.32610;1.32624
H1;2026.10.07 04:00;1.32623;1.32626;1.32568;1.32570
H1;2026.10.07 05:00;1.32569;1.32573;1.32495;1.32517
H1;2026.10.07 06:00;1.32517;1.32560;1.32509;1.32528
H1;2026.10.07 07:00;1.32528;1.32528;1.32464;1.32488
H1;2026.10.07 08:00;1.32488;1.32520;1.32451;1.32492
H1;2026.10.07 09:00;1.32492;1.32544;1.32419;1.32519
H1;2026.10.07 10:00;1.32519;1.32542;1.32298;1.32381
H1;2026.10.07 11:00;1.32382;1.32450;1.32329;1.32401
H1;2026.10.07 12:00;1.32401;1.32455;1.32250;1.32321
H1;2026.10.07 13:00;1.32321;1.32321;1.32161;1.32169
H1;2026.10.07 14:00;1.32169;1.32203;1.32033;1.32110
H1;2026.10.07 15:00;1.32111;1.32141;1.31937;1.32027
H1;2026.10.07 16:00;1.32027;1.32090;1.31937;1.32067
H1;2026.10.07 17:00;1.32067;1.32195;1.31985;1.32195
H1;2026.10.07 18:00;1.32194;1.32239;1.32047;1.32111
H1;2026.10.07 19:00;1.32111;1.32207;1.32079;1.32117
H1;2026.10.07 20:00;1.32117;1.32169;1.32082;1.32157
H1;2026.10.07 21:00;1.32157;1.32213;1.32127;1.32189
H1;2026.10.07 22:00;1.32189;1.32198;1.32107;1.32129
H1;2026.10.07 23:00;1.32129;1.32142;1.32097;1.32120
H1;2026.10.08 00:00;1.32132;1.32134;1.32088;1.32111
H1;2026.10.08 01:00;1.32111;1.32179;1.32104;1.32159
H1;2026.10.08 02:00;1.32159;1.32182;1.32131;1.32131
H1;2026.10.08 03:00;1.32131;1.32154;1.32079;1.32080
H1;2026.10.08 04:00;1.32081;1.32188;1.32059;1.32184
H1;2026.10.08 05:00;1.32184;1.32222;1.32115;1.32125
H1;2026.10.08 06:00;1.32125;1.32135;1.32064;1.32115
H1;2026.10.08 07:00;1.32115;1.32124;1.32073;1.32096
H1;2026.10.08 08:00;1.32096;1.32111;1.31965;1.31991
H1;2026.10.08 09:00;1.31992;1.32041;1.31934;1.31955
H1;2026.10.08 10:00;1.31955;1.32071;1.31873;1.32011
H1;2026.10.08 11:00;1.32011;1.32124;1.31920;1.31950
H1;2026.10.08 12:00;1.31949;1.31989;1.31852;1.31899
H1;2026.10.08 13:00;1.31899;1.32035;1.31843;1.32034
H1;2026.10.08 14:00;1.32033;1.32033;1.31883;1.31939
H1;2026.10.08 15:00;1.31939;1.32133;1.31916;1.32010
H1;2026.10.08 16:00;1.32010;1.32168;1.31973;1.32133
H1;2026.10.08 17:00;1.32133;1.32485;1.32088;1.32251
H1;2026.10.08 18:00;1.32251;1.32285;1.32055;1.32094
H1;2026.10.08 19:00;1.32093;1.32208;1.32035;1.32133
H1;2026.10.08 20:00;1.32134;1.32349;1.32131;1.32283
H1;2026.10.08 21:00;1.32283;1.32287;1.32173;1.32244
H1;2026.10.08 22:00;1.32244;1.32310;1.32230;1.32310
H1;2026.10.08 23:00;1.32310;1.32336;1.32248;1.32282
H1;2026.10.09 00:00;1.32199;1.32291;1.32199;1.32272
H1;2026.10.09 01:00;1.32269;1.32337;1.32269;1.32292
M15;2026.10.07 20:15;1.32154;1.32169;1.32106;1.32109
M15;2026.10.07 20:30;1.32109;1.32126;1.32094;1.32110
M15;2026.10.07 20:45;1.32111;1.32157;1.32102;1.32157
M15;2026.10.07 21:00;1.32157;1.32213;1.32127;1.32170
M15;2026.10.07 21:15;1.32170;1.32176;1.32149;1.32161
M15;2026.10.07 21:30;1.32161;1.32191;1.32152;1.32184
M15;2026.10.07 21:45;1.32184;1.32210;1.32174;1.32189
M15;2026.10.07 22:00;1.32189;1.32198;1.32146;1.32150
M15;2026.10.07 22:15;1.32150;1.32163;1.32135;1.32154
M15;2026.10.07 22:30;1.32154;1.32154;1.32114;1.32118
M15;2026.10.07 22:45;1.32118;1.32130;1.32107;1.32129
M15;2026.10.07 23:00;1.32129;1.32130;1.32097;1.32111
M15;2026.10.07 23:15;1.32111;1.32131;1.32098;1.32128
M15;2026.10.07 23:30;1.32128;1.32130;1.32100;1.32100
M15;2026.10.07 23:45;1.32100;1.32142;1.32099;1.32120
M15;2026.10.08 00:00;1.32132;1.32134;1.32088;1.32094
M15;2026.10.08 00:15;1.32094;1.32098;1.32089;1.32097
M15;2026.10.08 00:30;1.32097;1.32119;1.32094;1.32104
M15;2026.10.08 00:45;1.32104;1.32117;1.32095;1.32111
M15;2026.10.08 01:00;1.32111;1.32154;1.32104;1.32144
M15;2026.10.08 01:15;1.32144;1.32179;1.32142;1.32175
M15;2026.10.08 01:30;1.32175;1.32178;1.32147;1.32163
M15;2026.10.08 01:45;1.32163;1.32165;1.32154;1.32159
M15;2026.10.08 02:00;1.32159;1.32164;1.32143;1.32161
M15;2026.10.08 02:15;1.32161;1.32173;1.32155;1.32158
M15;2026.10.08 02:30;1.32158;1.32182;1.32158;1.32181
M15;2026.10.08 02:45;1.32181;1.32182;1.32131;1.32131
M15;2026.10.08 03:00;1.32131;1.32154;1.32110;1.32111
M15;2026.10.08 03:15;1.32111;1.32111;1.32086;1.32101
M15;2026.10.08 03:30;1.32101;1.32114;1.32081;1.32082
M15;2026.10.08 03:45;1.32082;1.32121;1.32079;1.32080
M15;2026.10.08 04:00;1.32081;1.32108;1.32059;1.32104
M15;2026.10.08 04:15;1.32104;1.32123;1.32091;1.32104
M15;2026.10.08 04:30;1.32104;1.32146;1.32081;1.32142
M15;2026.10.08 04:45;1.32142;1.32188;1.32140;1.32184
M15;2026.10.08 05:00;1.32184;1.32207;1.32177;1.32207
M15;2026.10.08 05:15;1.32206;1.32222;1.32181;1.32197
M15;2026.10.08 05:30;1.32197;1.32197;1.32150;1.32166
M15;2026.10.08 05:45;1.32166;1.32175;1.32115;1.32125
M15;2026.10.08 06:00;1.32125;1.32135;1.32064;1.32070
M15;2026.10.08 06:15;1.32070;1.32092;1.32064;1.32078
M15;2026.10.08 06:30;1.32077;1.32117;1.32077;1.32116
M15;2026.10.08 06:45;1.32115;1.32122;1.32107;1.32115
M15;2026.10.08 07:00;1.32115;1.32124;1.32097;1.32105
M15;2026.10.08 07:15;1.32105;1.32111;1.32073;1.32093
M15;2026.10.08 07:30;1.32093;1.32103;1.32084;1.32087
M15;2026.10.08 07:45;1.32087;1.32107;1.32083;1.32096
M15;2026.10.08 08:00;1.32096;1.32111;1.32084;1.32096
M15;2026.10.08 08:15;1.32096;1.32107;1.32065;1.32067
M15;2026.10.08 08:30;1.32067;1.32076;1.32049;1.32051
M15;2026.10.08 08:45;1.32051;1.32054;1.31965;1.31991
M15;2026.10.08 09:00;1.31992;1.31999;1.31934;1.31981
M15;2026.10.08 09:15;1.31981;1.32041;1.31963;1.31975
M15;2026.10.08 09:30;1.31976;1.32015;1.31964;1.32013
M15;2026.10.08 09:45;1.32013;1.32037;1.31952;1.31955
M15;2026.10.08 10:00;1.31955;1.32012;1.31873;1.31975
M15;2026.10.08 10:15;1.31976;1.32071;1.31968;1.32046
M15;2026.10.08 10:30;1.32046;1.32051;1.31962;1.32026
M15;2026.10.08 10:45;1.32026;1.32036;1.31996;1.32011
M15;2026.10.08 11:00;1.32011;1.32087;1.31979;1.32082
M15;2026.10.08 11:15;1.32082;1.32124;1.32064;1.32082
M15;2026.10.08 11:30;1.32082;1.32120;1.31939;1.31966
M15;2026.10.08 11:45;1.31966;1.31984;1.31920;1.31950
M15;2026.10.08 12:00;1.31949;1.31987;1.31852;1.31892
M15;2026.10.08 12:15;1.31892;1.31953;1.31859;1.31937
M15;2026.10.08 12:30;1.31937;1.31989;1.31900;1.31900
M15;2026.10.08 12:45;1.31900;1.31921;1.31873;1.31899
M15;2026.10.08 13:00;1.31899;1.31923;1.31879;1.31881
M15;2026.10.08 13:15;1.31881;1.31917;1.31843;1.31907
M15;2026.10.08 13:30;1.31907;1.31984;1.31901;1.31983
M15;2026.10.08 13:45;1.31983;1.32035;1.31961;1.32034
M15;2026.10.08 14:00;1.32033;1.32033;1.31883;1.31933
M15;2026.10.08 14:15;1.31933;1.31982;1.31903;1.31941
M15;2026.10.08 14:30;1.31941;1.32015;1.31900;1.31985
M15;2026.10.08 14:45;1.31985;1.32003;1.31926;1.31939
M15;2026.10.08 15:00;1.31939;1.32092;1.31916;1.32070
M15;2026.10.08 15:15;1.32071;1.32133;1.32044;1.32117
M15;2026.10.08 15:30;1.32116;1.32127;1.32021;1.32024
M15;2026.10.08 15:45;1.32024;1.32052;1.31979;1.32010
M15;2026.10.08 16:00;1.32010;1.32142;1.31973;1.32082
M15;2026.10.08 16:15;1.32081;1.32106;1.32036;1.32091
M15;2026.10.08 16:30;1.32092;1.32153;1.32052;1.32097
M15;2026.10.08 16:45;1.32093;1.32168;1.32087;1.32133
M15;2026.10.08 17:00;1.32133;1.32223;1.32088;1.32184
M15;2026.10.08 17:15;1.32184;1.32365;1.32174;1.32365
M15;2026.10.08 17:30;1.32364;1.32485;1.32351;1.32373
M15;2026.10.08 17:45;1.32373;1.32378;1.32249;1.32251
M15;2026.10.08 18:00;1.32251;1.32285;1.32189;1.32190
M15;2026.10.08 18:15;1.32190;1.32212;1.32116;1.32142
M15;2026.10.08 18:30;1.32142;1.32148;1.32094;1.32121
M15;2026.10.08 18:45;1.32121;1.32127;1.32055;1.32094
M15;2026.10.08 19:00;1.32093;1.32114;1.32035;1.32094
M15;2026.10.08 19:15;1.32094;1.32208;1.32052;1.32083
M15;2026.10.08 19:30;1.32079;1.32131;1.32043;1.32116
M15;2026.10.08 19:45;1.32116;1.32156;1.32085;1.32133
M15;2026.10.08 20:00;1.32134;1.32248;1.32131;1.32236
M15;2026.10.08 20:15;1.32236;1.32349;1.32230;1.32321
M15;2026.10.08 20:30;1.32322;1.32338;1.32290;1.32314
M15;2026.10.08 20:45;1.32314;1.32316;1.32232;1.32283
M15;2026.10.08 21:00;1.32283;1.32287;1.32182;1.32207
M15;2026.10.08 21:15;1.32206;1.32234;1.32173;1.32208
M15;2026.10.08 21:30;1.32208;1.32228;1.32187;1.32226
M15;2026.10.08 21:45;1.32226;1.32278;1.32218;1.32244
M15;2026.10.08 22:00;1.32244;1.32287;1.32244;1.32277
M15;2026.10.08 22:15;1.32277;1.32278;1.32249;1.32249
M15;2026.10.08 22:30;1.32249;1.32279;1.32230;1.32269
M15;2026.10.08 22:45;1.32269;1.32310;1.32254;1.32310
M15;2026.10.08 23:00;1.32310;1.32336;1.32302;1.32316
M15;2026.10.08 23:15;1.32316;1.32336;1.32259;1.32259
M15;2026.10.08 23:30;1.32259;1.32301;1.32248;1.32276
M15;2026.10.08 23:45;1.32276;1.32312;1.32274;1.32282
M15;2026.10.09 00:00;1.32199;1.32250;1.32199;1.32227
M15;2026.10.09 00:15;1.32227;1.32253;1.32215;1.32232
M15;2026.10.09 00:30;1.32237;1.32291;1.32210;1.32282
M15;2026.10.09 00:45;1.32282;1.32287;1.32250;1.32272
M15;2026.10.09 01:00;1.32269;1.32315;1.32269;1.32306
M15;2026.10.09 01:15;1.32305;1.32337;1.32302;1.32336
M15;2026.10.09 01:30;1.32337;1.32337;1.32313;1.32319
M15;2026.10.09 01:45;1.32319;1.32323;1.32290;1.32292
M15;2026.10.09 02:00;1.32292;1.32302;1.32279;1.32286
