META;NZDUSD;utc=2026.10.08 10:05;bid=0.55892;ask=0.55905;spread_pts=13;digits=5;point=0.000010;server_minus_utc_sec=10799
D1;2026.06.04 00:00;0.58550;0.58870;0.58548;0.58659
D1;2026.06.05 00:00;0.58622;0.58847;0.57895;0.57936
D1;2026.06.08 00:00;0.57776;0.58369;0.57776;0.58078
D1;2026.06.09 00:00;0.58077;0.58478;0.57990;0.58151
D1;2026.06.10 00:00;0.58044;0.58326;0.57938;0.57943
D1;2026.06.11 00:00;0.57935;0.58445;0.57693;0.58353
D1;2026.06.12 00:00;0.58263;0.58399;0.58111;0.58297
D1;2026.06.15 00:00;0.58243;0.58637;0.58154;0.58205
D1;2026.06.16 00:00;0.58134;0.58433;0.57949;0.58301
D1;2026.06.17 00:00;0.58238;0.58353;0.57523;0.57665
D1;2026.06.18 00:00;0.57651;0.57989;0.57488;0.57526
D1;2026.06.19 00:00;0.57523;0.57624;0.57229;0.57372
D1;2026.06.22 00:00;0.57243;0.57406;0.57092;0.57115
D1;2026.06.23 00:00;0.57117;0.57167;0.56630;0.56665
D1;2026.06.24 00:00;0.56613;0.56715;0.56309;0.56494
D1;2026.06.25 00:00;0.56426;0.56613;0.56331;0.56463
D1;2026.06.26 00:00;0.56400;0.56582;0.56262;0.56345
D1;2026.06.29 00:00;0.56402;0.56586;0.56317;0.56494
D1;2026.06.30 00:00;0.56497;0.56902;0.56407;0.56749
D1;2026.07.01 00:00;0.56702;0.56898;0.56577;0.56712
D1;2026.07.02 00:00;0.56711;0.57169;0.56661;0.56975
D1;2026.07.03 00:00;0.56897;0.57271;0.56888;0.57056
D1;2026.07.06 00:00;0.57045;0.57084;0.56767;0.57003
D1;2026.07.07 00:00;0.56960;0.57066;0.56723;0.56767
D1;2026.07.08 00:00;0.56735;0.57201;0.56701;0.56987
D1;2026.07.09 00:00;0.56887;0.57629;0.56833;0.57547
D1;2026.07.10 00:00;0.57460;0.57928;0.57401;0.57629
D1;2026.07.13 00:00;0.57572;0.57885;0.57439;0.57482
D1;2026.07.14 00:00;0.57438;0.58414;0.57399;0.58096
D1;2026.07.15 00:00;0.58090;0.58632;0.57998;0.58488
D1;2026.07.16 00:00;0.58417;0.58583;0.58335;0.58419
D1;2026.07.17 00:00;0.58334;0.58485;0.58250;0.58415
D1;2026.07.20 00:00;0.58366;0.58637;0.58229;0.58372
D1;2026.07.21 00:00;0.58300;0.58725;0.58225;0.58258
D1;2026.07.22 00:00;0.58198;0.58335;0.58107;0.58150
D1;2026.07.23 00:00;0.58137;0.58233;0.57622;0.57702
D1;2026.07.24 00:00;0.57635;0.58028;0.57608;0.57859
D1;2026.07.27 00:00;0.57994;0.58093;0.57725;0.57732
D1;2026.07.28 00:00;0.57654;0.57984;0.57606;0.57854
D1;2026.07.29 00:00;0.57685;0.58266;0.57618;0.57950
D1;2026.07.30 00:00;0.57907;0.58833;0.57824;0.58786
D1;2026.07.31 00:00;0.58726;0.58946;0.58493;0.58920
D1;2026.08.03 00:00;0.58823;0.59082;0.58601;0.58696
D1;2026.08.04 00:00;0.58627;0.58963;0.58565;0.58944
D1;2026.08.05 00:00;0.58830;0.58962;0.58596;0.58861
D1;2026.08.06 00:00;0.58817;0.58954;0.58609;0.58678
D1;2026.08.07 00:00;0.58678;0.59061;0.58607;0.58910
D1;2026.08.10 00:00;0.58860;0.58994;0.58772;0.58802
D1;2026.08.11 00:00;0.58798;0.58943;0.58681;0.58795
D1;2026.08.12 00:00;0.58732;0.58852;0.58545;0.58567
D1;2026.08.13 00:00;0.58536;0.58633;0.58213;0.58495
D1;2026.08.14 00:00;0.58450;0.58984;0.58400;0.58883
D1;2026.08.17 00:00;0.58822;0.59261;0.58781;0.59000
D1;2026.08.18 00:00;0.58968;0.59088;0.58706;0.58732
D1;2026.08.19 00:00;0.58667;0.59380;0.58604;0.59346
D1;2026.08.20 00:00;0.59242;0.59641;0.59206;0.59427
D1;2026.08.21 00:00;0.59365;0.59879;0.59340;0.59768
D1;2026.08.24 00:00;0.59660;0.59826;0.59509;0.59583
D1;2026.08.25 00:00;0.59500;0.59824;0.59462;0.59765
D1;2026.08.26 00:00;0.59655;0.59784;0.59327;0.59429
D1;2026.08.27 00:00;0.59389;0.59570;0.59306;0.59493
D1;2026.08.28 00:00;0.59434;0.59657;0.59048;0.59113
D1;2026.08.31 00:00;0.59172;0.59222;0.59014;0.59151
D1;2026.09.01 00:00;0.59103;0.59289;0.58874;0.58900
D1;2026.09.02 00:00;0.58872;0.58969;0.58020;0.58496
D1;2026.09.03 00:00;0.58466;0.58919;0.58305;0.58802
D1;2026.09.04 00:00;0.58790;0.59021;0.58557;0.58794
D1;2026.09.07 00:00;0.58755;0.58886;0.58662;0.58768
D1;2026.09.08 00:00;0.58697;0.58854;0.58358;0.58523
D1;2026.09.09 00:00;0.58434;0.58653;0.58301;0.58370
D1;2026.09.10 00:00;0.58290;0.58567;0.57932;0.57950
D1;2026.09.11 00:00;0.57839;0.58350;0.57839;0.58119
D1;2026.09.14 00:00;0.58083;0.58189;0.57570;0.57773
D1;2026.09.15 00:00;0.57710;0.57810;0.57503;0.57572
D1;2026.09.16 00:00;0.57508;0.57673;0.57033;0.57122
D1;2026.09.17 00:00;0.57065;0.57506;0.57040;0.57312
D1;2026.09.18 00:00;0.57302;0.57407;0.57059;0.57217
D1;2026.09.21 00:00;0.57161;0.57385;0.57133;0.57140
D1;2026.09.22 00:00;0.57121;0.57490;0.56942;0.57278
D1;2026.09.23 00:00;0.57214;0.57317;0.56604;0.56716
D1;2026.09.24 00:00;0.56680;0.56860;0.56500;0.56599
D1;2026.09.25 00:00;0.56559;0.56774;0.56502;0.56622
D1;2026.09.28 00:00;0.56544;0.56874;0.56489;0.56650
D1;2026.09.29 00:00;0.56590;0.56769;0.56260;0.56404
D1;2026.09.30 00:00;0.56342;0.56645;0.56301;0.56319
D1;2026.10.01 00:00;0.56282;0.56374;0.55934;0.56031
D1;2026.10.02 00:00;0.55956;0.56430;0.55860;0.56128
D1;2026.10.05 00:00;0.56069;0.56208;0.55802;0.55987
D1;2026.10.06 00:00;0.56026;0.56282;0.55890;0.56224
D1;2026.10.07 00:00;0.56181;0.56264;0.55854;0.55976
H4;2026.09.03 12:00;0.58634;0.58837;0.58589;0.58804
H4;2026.09.03 16:00;0.58805;0.58919;0.58655;0.58887
H4;2026.09.03 20:00;0.58887;0.58895;0.58786;0.58802
H4;2026.09.04 00:00;0.58790;0.58938;0.58640;0.58906
H4;2026.09.04 04:00;0.58907;0.59009;0.58886;0.58961
H4;2026.09.04 08:00;0.58961;0.59021;0.58808;0.58820
H4;2026.09.04 12:00;0.58820;0.58914;0.58557;0.58711
H4;2026.09.04 16:00;0.58711;0.58930;0.58663;0.58894
H4;2026.09.04 20:00;0.58893;0.58893;0.58784;0.58794
H4;2026.09.07 00:00;0.58755;0.58838;0.58700;0.58798
H4;2026.09.07 04:00;0.58798;0.58804;0.58662;0.58754
H4;2026.09.07 08:00;0.58753;0.58886;0.58703;0.58819
H4;2026.09.07 12:00;0.58819;0.58845;0.58743;0.58778
H4;2026.09.07 16:00;0.58778;0.58840;0.58765;0.58791
H4;2026.09.07 20:00;0.58791;0.58791;0.58758;0.58768
H4;2026.09.08 00:00;0.58697;0.58854;0.58655;0.58785
H4;2026.09.08 04:00;0.58785;0.58811;0.58504;0.58589
H4;2026.09.08 08:00;0.58589;0.58662;0.58358;0.58396
H4;2026.09.08 12:00;0.58395;0.58547;0.58384;0.58545
H4;2026.09.08 16:00;0.58546;0.58632;0.58491;0.58536
H4;2026.09.08 20:00;0.58536;0.58611;0.58518;0.58523
H4;2026.09.09 00:00;0.58434;0.58623;0.58432;0.58620
H4;2026.09.09 04:00;0.58620;0.58633;0.58524;0.58561
H4;2026.09.09 08:00;0.58561;0.58653;0.58434;0.58443
H4;2026.09.09 12:00;0.58443;0.58570;0.58301;0.58529
H4;2026.09.09 16:00;0.58533;0.58572;0.58366;0.58414
H4;2026.09.09 20:00;0.58413;0.58442;0.58350;0.58370
H4;2026.09.10 00:00;0.58290;0.58474;0.58271;0.58446
H4;2026.09.10 04:00;0.58446;0.58545;0.58429;0.58481
H4;2026.09.10 08:00;0.58481;0.58567;0.58431;0.58461
H4;2026.09.10 12:00;0.58461;0.58473;0.57996;0.58042
H4;2026.09.10 16:00;0.58043;0.58115;0.57975;0.58049
H4;2026.09.10 20:00;0.58049;0.58080;0.57932;0.57950
H4;2026.09.11 00:00;0.57839;0.58148;0.57839;0.58148
H4;2026.09.11 04:00;0.58148;0.58292;0.58083;0.58265
H4;2026.09.11 08:00;0.58264;0.58350;0.58227;0.58232
H4;2026.09.11 12:00;0.58231;0.58281;0.58024;0.58279
H4;2026.09.11 16:00;0.58279;0.58292;0.58100;0.58164
H4;2026.09.11 20:00;0.58165;0.58196;0.58105;0.58119
H4;2026.09.14 00:00;0.58083;0.58189;0.57958;0.57988
H4;2026.09.14 04:00;0.57988;0.57988;0.57811;0.57840
H4;2026.09.14 08:00;0.57840;0.57886;0.57678;0.57709
H4;2026.09.14 12:00;0.57709;0.57780;0.57595;0.57605
H4;2026.09.14 16:00;0.57604;0.57888;0.57570;0.57874
H4;2026.09.14 20:00;0.57874;0.57876;0.57742;0.57773
H4;2026.09.15 00:00;0.57710;0.57810;0.57602;0.57758
H4;2026.09.15 04:00;0.57758;0.57763;0.57519;0.57553
H4;2026.09.15 08:00;0.57553;0.57699;0.57538;0.57667
H4;2026.09.15 12:00;0.57667;0.57698;0.57552;0.57585
H4;2026.09.15 16:00;0.57585;0.57647;0.57503;0.57617
H4;2026.09.15 20:00;0.57617;0.57623;0.57561;0.57572
H4;2026.09.16 00:00;0.57508;0.57611;0.57399;0.57426
H4;2026.09.16 04:00;0.57426;0.57497;0.57362;0.57441
H4;2026.09.16 08:00;0.57441;0.57587;0.57436;0.57552
H4;2026.09.16 12:00;0.57552;0.57655;0.57508;0.57577
H4;2026.09.16 16:00;0.57577;0.57638;0.57534;0.57581
H4;2026.09.16 20:00;0.57581;0.57673;0.57033;0.57122
H4;2026.09.17 00:00;0.57065;0.57285;0.57040;0.57111
H4;2026.09.17 04:00;0.57111;0.57285;0.57103;0.57276
H4;2026.09.17 08:00;0.57276;0.57417;0.57238;0.57350
H4;2026.09.17 12:00;0.57350;0.57506;0.57318;0.57422
H4;2026.09.17 16:00;0.57422;0.57459;0.57287;0.57299
H4;2026.09.17 20:00;0.57299;0.57340;0.57280;0.57312
H4;2026.09.18 00:00;0.57302;0.57330;0.57149;0.57215
H4;2026.09.18 04:00;0.57215;0.57407;0.57159;0.57295
H4;2026.09.18 08:00;0.57295;0.57302;0.57163;0.57203
H4;2026.09.18 12:00;0.57203;0.57226;0.57064;0.57109
H4;2026.09.18 16:00;0.57109;0.57198;0.57059;0.57187
H4;2026.09.18 20:00;0.57186;0.57259;0.57186;0.57217
H4;2026.09.21 00:00;0.57161;0.57257;0.57141;0.57181
H4;2026.09.21 04:00;0.57181;0.57276;0.57158;0.57234
H4;2026.09.21 08:00;0.57234;0.57321;0.57133;0.57275
H4;2026.09.21 12:00;0.57275;0.57385;0.57241;0.57307
H4;2026.09.21 16:00;0.57307;0.57312;0.57162;0.57196
H4;2026.09.21 20:00;0.57196;0.57202;0.57136;0.57140
H4;2026.09.22 00:00;0.57121;0.57177;0.57065;0.57083
H4;2026.09.22 04:00;0.57083;0.57394;0.56942;0.57363
H4;2026.09.22 08:00;0.57363;0.57482;0.57177;0.57401
H4;2026.09.22 12:00;0.57400;0.57490;0.57245;0.57261
H4;2026.09.22 16:00;0.57261;0.57359;0.57125;0.57204
H4;2026.09.22 20:00;0.57204;0.57330;0.57166;0.57278
H4;2026.09.23 00:00;0.57214;0.57317;0.57168;0.57178
H4;2026.09.23 04:00;0.57178;0.57178;0.57004;0.57026
H4;2026.09.23 08:00;0.57026;0.57115;0.56957;0.57025
H4;2026.09.23 12:00;0.57025;0.57050;0.56863;0.56907
H4;2026.09.23 16:00;0.56908;0.56954;0.56639;0.56642
H4;2026.09.23 20:00;0.56642;0.56777;0.56604;0.56716
H4;2026.09.24 00:00;0.56680;0.56784;0.56635;0.56777
H4;2026.09.24 04:00;0.56777;0.56860;0.56693;0.56737
H4;2026.09.24 08:00;0.56737;0.56842;0.56706;0.56730
H4;2026.09.24 12:00;0.56730;0.56751;0.56656;0.56728
H4;2026.09.24 16:00;0.56728;0.56750;0.56500;0.56679
H4;2026.09.24 20:00;0.56680;0.56722;0.56501;0.56599
H4;2026.09.25 00:00;0.56559;0.56637;0.56512;0.56605
H4;2026.09.25 04:00;0.56604;0.56685;0.56502;0.56527
H4;2026.09.25 08:00;0.56527;0.56724;0.56527;0.56694
H4;2026.09.25 12:00;0.56694;0.56756;0.56635;0.56655
H4;2026.09.25 16:00;0.56655;0.56774;0.56552;0.56645
H4;2026.09.25 20:00;0.56645;0.56687;0.56602;0.56622
H4;2026.09.28 00:00;0.56544;0.56618;0.56489;0.56617
H4;2026.09.28 04:00;0.56617;0.56739;0.56572;0.56725
H4;2026.09.28 08:00;0.56725;0.56731;0.56599;0.56602
H4;2026.09.28 12:00;0.56601;0.56713;0.56531;0.56708
H4;2026.09.28 16:00;0.56708;0.56874;0.56570;0.56740
H4;2026.09.28 20:00;0.56738;0.56843;0.56642;0.56650
H4;2026.09.29 00:00;0.56590;0.56687;0.56560;0.56595
H4;2026.09.29 04:00;0.56595;0.56769;0.56534;0.56548
H4;2026.09.29 08:00;0.56548;0.56648;0.56441;0.56509
H4;2026.09.29 12:00;0.56509;0.56600;0.56417;0.56485
H4;2026.09.29 16:00;0.56484;0.56509;0.56260;0.56280
H4;2026.09.29 20:00;0.56280;0.56466;0.56262;0.56404
H4;2026.09.30 00:00;0.56342;0.56444;0.56302;0.56405
H4;2026.09.30 04:00;0.56403;0.56498;0.56368;0.56395
H4;2026.09.30 08:00;0.56395;0.56619;0.56382;0.56542
H4;2026.09.30 12:00;0.56543;0.56645;0.56417;0.56507
H4;2026.09.30 16:00;0.56508;0.56543;0.56317;0.56347
H4;2026.09.30 20:00;0.56347;0.56357;0.56301;0.56319
H4;2026.10.01 00:00;0.56282;0.56372;0.56276;0.56342
H4;2026.10.01 04:00;0.56342;0.56374;0.56182;0.56207
H4;2026.10.01 08:00;0.56207;0.56243;0.56045;0.56076
H4;2026.10.01 12:00;0.56076;0.56224;0.55990;0.56128
H4;2026.10.01 16:00;0.56128;0.56183;0.55940;0.55964
H4;2026.10.01 20:00;0.55964;0.56122;0.55934;0.56031
H4;2026.10.02 00:00;0.55956;0.56068;0.55902;0.55913
H4;2026.10.02 04:00;0.55912;0.56148;0.55860;0.56133
H4;2026.10.02 08:00;0.56133;0.56237;0.56099;0.56168
H4;2026.10.02 12:00;0.56168;0.56430;0.56057;0.56284
H4;2026.10.02 16:00;0.56286;0.56310;0.56066;0.56101
H4;2026.10.02 20:00;0.56101;0.56177;0.56062;0.56128
H4;2026.10.05 00:00;0.56069;0.56208;0.56029;0.56118
H4;2026.10.05 04:00;0.56118;0.56128;0.55842;0.55899
H4;2026.10.05 08:00;0.55899;0.56013;0.55885;0.55982
H4;2026.10.05 12:00;0.55982;0.56014;0.55845;0.55870
H4;2026.10.05 16:00;0.55869;0.56000;0.55802;0.55901
H4;2026.10.05 20:00;0.55902;0.56006;0.55848;0.55987
H4;2026.10.06 00:00;0.56026;0.56035;0.55890;0.56018
H4;2026.10.06 04:00;0.56018;0.56059;0.55930;0.55980
H4;2026.10.06 08:00;0.55980;0.56066;0.55890;0.56028
H4;2026.10.06 12:00;0.56028;0.56213;0.55998;0.56184
H4;2026.10.06 16:00;0.56184;0.56282;0.56144;0.56216
H4;2026.10.06 20:00;0.56216;0.56278;0.56206;0.56224
H4;2026.10.07 00:00;0.56181;0.56264;0.56135;0.56174
H4;2026.10.07 04:00;0.56173;0.56204;0.56047;0.56055
H4;2026.10.07 08:00;0.56055;0.56104;0.56012;0.56077
H4;2026.10.07 12:00;0.56077;0.56102;0.55854;0.55883
H4;2026.10.07 16:00;0.55884;0.56012;0.55875;0.55971
H4;2026.10.07 20:00;0.55970;0.56056;0.55965;0.55976
H4;2026.10.08 00:00;0.55949;0.56016;0.55928;0.55975
H4;2026.10.08 04:00;0.55975;0.56093;0.55943;0.56041
H4;2026.10.08 08:00;0.56041;0.56056;0.55905;0.55924
H1;2026.09.30 07:00;0.56437;0.56457;0.56368;0.56395
H1;2026.09.30 08:00;0.56395;0.56503;0.56382;0.56488
H1;2026.09.30 09:00;0.56486;0.56609;0.56470;0.56497
H1;2026.09.30 10:00;0.56496;0.56619;0.56488;0.56509
H1;2026.09.30 11:00;0.56507;0.56574;0.56472;0.56542
H1;2026.09.30 12:00;0.56543;0.56550;0.56457;0.56515
H1;2026.09.30 13:00;0.56515;0.56545;0.56475;0.56507
H1;2026.09.30 14:00;0.56506;0.56506;0.56441;0.56457
H1;2026.09.30 15:00;0.56456;0.56645;0.56417;0.56507
H1;2026.09.30 16:00;0.56508;0.56543;0.56429;0.56454
H1;2026.09.30 17:00;0.56454;0.56499;0.56369;0.56455
H1;2026.09.30 18:00;0.56455;0.56476;0.56373;0.56388
H1;2026.09.30 19:00;0.56388;0.56388;0.56317;0.56347
H1;2026.09.30 20:00;0.56347;0.56357;0.56327;0.56340
H1;2026.09.30 21:00;0.56340;0.56355;0.56318;0.56353
H1;2026.09.30 22:00;0.56352;0.56354;0.56301;0.56337
H1;2026.09.30 23:00;0.56337;0.56337;0.56302;0.56319
H1;2026.10.01 00:00;0.56282;0.56361;0.56276;0.56307
H1;2026.10.01 01:00;0.56309;0.56335;0.56306;0.56314
H1;2026.10.01 02:00;0.56314;0.56345;0.56314;0.56343
H1;2026.10.01 03:00;0.56343;0.56372;0.56319;0.56342
H1;2026.10.01 04:00;0.56342;0.56374;0.56239;0.56241
H1;2026.10.01 05:00;0.56241;0.56258;0.56182;0.56243
H1;2026.10.01 06:00;0.56243;0.56267;0.56212;0.56262
H1;2026.10.01 07:00;0.56262;0.56285;0.56195;0.56207
H1;2026.10.01 08:00;0.56207;0.56228;0.56182;0.56192
H1;2026.10.01 09:00;0.56192;0.56243;0.56109;0.56198
H1;2026.10.01 10:00;0.56198;0.56207;0.56045;0.56101
H1;2026.10.01 11:00;0.56101;0.56172;0.56054;0.56076
H1;2026.10.01 12:00;0.56076;0.56122;0.56007;0.56017
H1;2026.10.01 13:00;0.56016;0.56151;0.55990;0.56134
H1;2026.10.01 14:00;0.56134;0.56224;0.56047;0.56193
H1;2026.10.01 15:00;0.56193;0.56207;0.56120;0.56128
H1;2026.10.01 16:00;0.56128;0.56179;0.56077;0.56174
H1;2026.10.01 17:00;0.56174;0.56183;0.56049;0.56083
H1;2026.10.01 18:00;0.56082;0.56109;0.55940;0.55986
H1;2026.10.01 19:00;0.55987;0.56075;0.55952;0.55964
H1;2026.10.01 20:00;0.55964;0.56122;0.55947;0.55955
H1;2026.10.01 21:00;0.55956;0.56043;0.55934;0.56024
H1;2026.10.01 22:00;0.56024;0.56086;0.56004;0.56059
H1;2026.10.01 23:00;0.56059;0.56090;0.56021;0.56031
H1;2026.10.02 00:00;0.55956;0.56068;0.55923;0.56039
H1;2026.10.02 01:00;0.56039;0.56050;0.56007;0.56030
H1;2026.10.02 02:00;0.56029;0.56032;0.55982;0.56012
H1;2026.10.02 03:00;0.56011;0.56020;0.55902;0.55913
H1;2026.10.02 04:00;0.55912;0.55973;0.55860;0.55973
H1;2026.10.02 05:00;0.55973;0.56046;0.55963;0.56042
H1;2026.10.02 06:00;0.56042;0.56120;0.56040;0.56105
H1;2026.10.02 07:00;0.56105;0.56148;0.56102;0.56133
H1;2026.10.02 08:00;0.56133;0.56145;0.56099;0.56108
H1;2026.10.02 09:00;0.56108;0.56200;0.56108;0.56125
H1;2026.10.02 10:00;0.56125;0.56219;0.56103;0.56185
H1;2026.10.02 11:00;0.56184;0.56237;0.56123;0.56168
H1;2026.10.02 12:00;0.56168;0.56188;0.56117;0.56135
H1;2026.10.02 13:00;0.56134;0.56137;0.56058;0.56068
H1;2026.10.02 14:00;0.56068;0.56160;0.56057;0.56143
H1;2026.10.02 15:00;0.56143;0.56430;0.56087;0.56284
H1;2026.10.02 16:00;0.56286;0.56303;0.56188;0.56255
H1;2026.10.02 17:00;0.56256;0.56310;0.56197;0.56226
H1;2026.10.02 18:00;0.56226;0.56230;0.56095;0.56107
H1;2026.10.02 19:00;0.56107;0.56138;0.56066;0.56101
H1;2026.10.02 20:00;0.56101;0.56127;0.56062;0.56104
H1;2026.10.02 21:00;0.56103;0.56126;0.56089;0.56121
H1;2026.10.02 22:00;0.56121;0.56175;0.56109;0.56173
H1;2026.10.02 23:00;0.56174;0.56177;0.56127;0.56128
H1;2026.10.05 00:00;0.56069;0.56162;0.56029;0.56162
H1;2026.10.05 01:00;0.56162;0.56208;0.56141;0.56189
H1;2026.10.05 02:00;0.56191;0.56191;0.56140;0.56168
H1;2026.10.05 03:00;0.56169;0.56188;0.56109;0.56118
H1;2026.10.05 04:00;0.56118;0.56128;0.56044;0.56060
H1;2026.10.05 05:00;0.56059;0.56078;0.55846;0.55858
H1;2026.10.05 06:00;0.55858;0.55930;0.55842;0.55883
H1;2026.10.05 07:00;0.55884;0.55915;0.55871;0.55899
H1;2026.10.05 08:00;0.55899;0.55933;0.55897;0.55927
H1;2026.10.05 09:00;0.55927;0.55964;0.55909;0.55949
H1;2026.10.05 10:00;0.55949;0.55987;0.55885;0.55939
H1;2026.10.05 11:00;0.55938;0.56013;0.55936;0.55982
H1;2026.10.05 12:00;0.55982;0.56014;0.55920;0.55940
H1;2026.10.05 13:00;0.55940;0.55967;0.55909;0.55927
H1;2026.10.05 14:00;0.55927;0.55974;0.55886;0.55899
H1;2026.10.05 15:00;0.55899;0.55930;0.55845;0.55870
H1;2026.10.05 16:00;0.55869;0.55880;0.55802;0.55868
H1;2026.10.05 17:00;0.55864;0.55986;0.55843;0.55980
H1;2026.10.05 18:00;0.55981;0.56000;0.55947;0.55969
H1;2026.10.05 19:00;0.55969;0.55969;0.55883;0.55901
H1;2026.10.05 20:00;0.55902;0.55914;0.55848;0.55914
H1;2026.10.05 21:00;0.55913;0.55958;0.55901;0.55955
H1;2026.10.05 22:00;0.55955;0.56006;0.55946;0.55982
H1;2026.10.05 23:00;0.55983;0.55994;0.55973;0.55987
H1;2026.10.06 00:00;0.56026;0.56026;0.55890;0.56000
H1;2026.10.06 01:00;0.56000;0.56035;0.55983;0.56000
H1;2026.10.06 02:00;0.56001;0.56025;0.55967;0.55973
H1;2026.10.06 03:00;0.55974;0.56022;0.55939;0.56018
H1;2026.10.06 04:00;0.56018;0.56059;0.55996;0.56019
H1;2026.10.06 05:00;0.56020;0.56034;0.55949;0.55951
H1;2026.10.06 06:00;0.55951;0.56020;0.55930;0.56002
H1;2026.10.06 07:00;0.56002;0.56010;0.55963;0.55980
H1;2026.10.06 08:00;0.55980;0.55988;0.55958;0.55980
H1;2026.10.06 09:00;0.55980;0.55980;0.55890;0.55940
H1;2026.10.06 10:00;0.55941;0.56048;0.55906;0.56040
H1;2026.10.06 11:00;0.56039;0.56066;0.55982;0.56028
H1;2026.10.06 12:00;0.56028;0.56054;0.55998;0.56050
H1;2026.10.06 13:00;0.56050;0.56100;0.56030;0.56031
H1;2026.10.06 14:00;0.56030;0.56213;0.56023;0.56181
H1;2026.10.06 15:00;0.56180;0.56205;0.56146;0.56184
H1;2026.10.06 16:00;0.56184;0.56253;0.56144;0.56154
H1;2026.10.06 17:00;0.56154;0.56222;0.56148;0.56217
H1;2026.10.06 18:00;0.56217;0.56282;0.56209;0.56246
H1;2026.10.06 19:00;0.56246;0.56258;0.56207;0.56216
H1;2026.10.06 20:00;0.56216;0.56269;0.56206;0.56262
H1;2026.10.06 21:00;0.56262;0.56269;0.56234;0.56261
H1;2026.10.06 22:00;0.56260;0.56278;0.56228;0.56240
H1;2026.10.06 23:00;0.56240;0.56250;0.56215;0.56224
H1;2026.10.07 00:00;0.56181;0.56221;0.56135;0.56220
H1;2026.10.07 01:00;0.56222;0.56264;0.56222;0.56238
H1;2026.10.07 02:00;0.56238;0.56252;0.56219;0.56220
H1;2026.10.07 03:00;0.56220;0.56245;0.56167;0.56174
H1;2026.10.07 04:00;0.56173;0.56204;0.56138;0.56142
H1;2026.10.07 05:00;0.56142;0.56145;0.56079;0.56089
H1;2026.10.07 06:00;0.56089;0.56115;0.56084;0.56092
H1;2026.10.07 07:00;0.56092;0.56101;0.56047;0.56055
H1;2026.10.07 08:00;0.56055;0.56067;0.56034;0.56039
H1;2026.10.07 09:00;0.56039;0.56104;0.56012;0.56092
H1;2026.10.07 10:00;0.56093;0.56094;0.56033;0.56080
H1;2026.10.07 11:00;0.56080;0.56089;0.56018;0.56077
H1;2026.10.07 12:00;0.56077;0.56102;0.56025;0.56063
H1;2026.10.07 13:00;0.56062;0.56075;0.56000;0.56001
H1;2026.10.07 14:00;0.56001;0.56005;0.55926;0.55969
H1;2026.10.07 15:00;0.55969;0.55981;0.55854;0.55883
H1;2026.10.07 16:00;0.55884;0.55945;0.55875;0.55945
H1;2026.10.07 17:00;0.55946;0.55986;0.55899;0.55970
H1;2026.10.07 18:00;0.55971;0.56004;0.55915;0.55964
H1;2026.10.07 19:00;0.55965;0.56012;0.55935;0.55971
H1;2026.10.07 20:00;0.55970;0.56042;0.55965;0.56009
H1;2026.10.07 21:00;0.56003;0.56056;0.55968;0.56032
H1;2026.10.07 22:00;0.56032;0.56046;0.55996;0.56004
H1;2026.10.07 23:00;0.56004;0.56008;0.55971;0.55976
H1;2026.10.08 00:00;0.55949;0.55999;0.55928;0.55956
H1;2026.10.08 01:00;0.55956;0.56016;0.55949;0.55997
H1;2026.10.08 02:00;0.55997;0.56016;0.55991;0.55996
H1;2026.10.08 03:00;0.55996;0.56003;0.55972;0.55975
H1;2026.10.08 04:00;0.55975;0.56077;0.55943;0.56064
H1;2026.10.08 05:00;0.56064;0.56093;0.56017;0.56030
H1;2026.10.08 06:00;0.56030;0.56039;0.55993;0.56032
H1;2026.10.08 07:00;0.56032;0.56044;0.56003;0.56041
H1;2026.10.08 08:00;0.56041;0.56056;0.55945;0.55952
H1;2026.10.08 09:00;0.55953;0.56006;0.55927;0.55932
H1;2026.10.08 10:00;0.55932;0.55968;0.55905;0.55935
H1;2026.10.08 11:00;0.55935;0.56004;0.55919;0.55924
H1;2026.10.08 12:00;0.55924;0.55958;0.55890;0.55900
M15;2026.10.07 07:00;0.56092;0.56101;0.56077;0.56077
M15;2026.10.07 07:15;0.56077;0.56078;0.56047;0.56048
M15;2026.10.07 07:30;0.56048;0.56059;0.56047;0.56048
M15;2026.10.07 07:45;0.56048;0.56070;0.56048;0.56055
M15;2026.10.07 08:00;0.56055;0.56060;0.56040;0.56040
M15;2026.10.07 08:15;0.56040;0.56054;0.56039;0.56040
M15;2026.10.07 08:30;0.56040;0.56059;0.56034;0.56058
M15;2026.10.07 08:45;0.56058;0.56067;0.56038;0.56039
M15;2026.10.07 09:00;0.56039;0.56046;0.56012;0.56030
M15;2026.10.07 09:15;0.56030;0.56051;0.56026;0.56046
M15;2026.10.07 09:30;0.56046;0.56095;0.56044;0.56067
M15;2026.10.07 09:45;0.56067;0.56104;0.56061;0.56092
M15;2026.10.07 10:00;0.56093;0.56093;0.56054;0.56054
M15;2026.10.07 10:15;0.56055;0.56082;0.56033;0.56065
M15;2026.10.07 10:30;0.56065;0.56094;0.56065;0.56073
M15;2026.10.07 10:45;0.56073;0.56089;0.56057;0.56080
M15;2026.10.07 11:00;0.56080;0.56088;0.56018;0.56030
M15;2026.10.07 11:15;0.56030;0.56064;0.56020;0.56051
M15;2026.10.07 11:30;0.56051;0.56067;0.56041;0.56064
M15;2026.10.07 11:45;0.56064;0.56089;0.56064;0.56077
M15;2026.10.07 12:00;0.56077;0.56102;0.56059;0.56063
M15;2026.10.07 12:15;0.56063;0.56070;0.56047;0.56063
M15;2026.10.07 12:30;0.56063;0.56064;0.56025;0.56048
M15;2026.10.07 12:45;0.56048;0.56063;0.56038;0.56063
M15;2026.10.07 13:00;0.56062;0.56075;0.56038;0.56041
M15;2026.10.07 13:15;0.56042;0.56049;0.56018;0.56032
M15;2026.10.07 13:30;0.56032;0.56052;0.56012;0.56015
M15;2026.10.07 13:45;0.56015;0.56020;0.56000;0.56001
M15;2026.10.07 14:00;0.56001;0.56005;0.55976;0.56001
M15;2026.10.07 14:15;0.56001;0.56003;0.55969;0.55989
M15;2026.10.07 14:30;0.55989;0.55998;0.55928;0.55931
M15;2026.10.07 14:45;0.55931;0.55973;0.55926;0.55969
M15;2026.10.07 15:00;0.55969;0.55981;0.55924;0.55926
M15;2026.10.07 15:15;0.55926;0.55928;0.55854;0.55870
M15;2026.10.07 15:30;0.55870;0.55898;0.55858;0.55875
M15;2026.10.07 15:45;0.55873;0.55888;0.55860;0.55883
M15;2026.10.07 16:00;0.55884;0.55928;0.55883;0.55925
M15;2026.10.07 16:15;0.55925;0.55945;0.55894;0.55915
M15;2026.10.07 16:30;0.55914;0.55919;0.55875;0.55899
M15;2026.10.07 16:45;0.55900;0.55945;0.55884;0.55945
M15;2026.10.07 17:00;0.55946;0.55949;0.55899;0.55919
M15;2026.10.07 17:15;0.55918;0.55974;0.55917;0.55951
M15;2026.10.07 17:30;0.55951;0.55986;0.55938;0.55943
M15;2026.10.07 17:45;0.55943;0.55974;0.55939;0.55970
M15;2026.10.07 18:00;0.55971;0.56004;0.55915;0.55974
M15;2026.10.07 18:15;0.55973;0.55976;0.55944;0.55955
M15;2026.10.07 18:30;0.55955;0.55977;0.55950;0.55967
M15;2026.10.07 18:45;0.55967;0.55973;0.55945;0.55964
M15;2026.10.07 19:00;0.55965;0.56012;0.55953;0.55998
M15;2026.10.07 19:15;0.55998;0.55998;0.55965;0.55971
M15;2026.10.07 19:30;0.55969;0.55970;0.55935;0.55942
M15;2026.10.07 19:45;0.55942;0.55973;0.55942;0.55971
M15;2026.10.07 20:00;0.55970;0.56037;0.55965;0.56036
M15;2026.10.07 20:15;0.56036;0.56042;0.55995;0.55995
M15;2026.10.07 20:30;0.55996;0.56013;0.55994;0.56008
M15;2026.10.07 20:45;0.56008;0.56028;0.55997;0.56009
M15;2026.10.07 21:00;0.56003;0.56056;0.55968;0.56027
M15;2026.10.07 21:15;0.56027;0.56037;0.56020;0.56033
M15;2026.10.07 21:30;0.56033;0.56042;0.56021;0.56037
M15;2026.10.07 21:45;0.56037;0.56051;0.56032;0.56032
M15;2026.10.07 22:00;0.56032;0.56046;0.56018;0.56023
M15;2026.10.07 22:15;0.56023;0.56032;0.56013;0.56022
M15;2026.10.07 22:30;0.56022;0.56023;0.56002;0.56002
M15;2026.10.07 22:45;0.56002;0.56008;0.55996;0.56004
M15;2026.10.07 23:00;0.56004;0.56004;0.55986;0.55994
M15;2026.10.07 23:15;0.55994;0.56007;0.55987;0.56007
M15;2026.10.07 23:30;0.56007;0.56008;0.55979;0.55982
M15;2026.10.07 23:45;0.55983;0.55988;0.55971;0.55976
M15;2026.10.08 00:00;0.55949;0.55990;0.55928;0.55977
M15;2026.10.08 00:15;0.55977;0.55996;0.55976;0.55994
M15;2026.10.08 00:30;0.55991;0.55999;0.55975;0.55979
M15;2026.10.08 00:45;0.55979;0.55985;0.55937;0.55956
M15;2026.10.08 01:00;0.55956;0.56016;0.55949;0.56004
M15;2026.10.08 01:15;0.56004;0.56007;0.56000;0.56002
M15;2026.10.08 01:30;0.56002;0.56013;0.55995;0.56012
M15;2026.10.08 01:45;0.56012;0.56013;0.55991;0.55997
M15;2026.10.08 02:00;0.55997;0.56007;0.55991;0.56003
M15;2026.10.08 02:15;0.56003;0.56007;0.55995;0.55996
M15;2026.10.08 02:30;0.55996;0.56011;0.55995;0.56007
M15;2026.10.08 02:45;0.56007;0.56016;0.55993;0.55996
M15;2026.10.08 03:00;0.55996;0.56002;0.55988;0.55991
M15;2026.10.08 03:15;0.55991;0.55991;0.55972;0.55978
M15;2026.10.08 03:30;0.55977;0.55991;0.55975;0.55978
M15;2026.10.08 03:45;0.55978;0.56003;0.55975;0.55975
M15;2026.10.08 04:00;0.55975;0.55982;0.55943;0.55980
M15;2026.10.08 04:15;0.55980;0.56002;0.55976;0.55997
M15;2026.10.08 04:30;0.55997;0.56035;0.55981;0.56032
M15;2026.10.08 04:45;0.56033;0.56077;0.56030;0.56064
M15;2026.10.08 05:00;0.56064;0.56090;0.56060;0.56088
M15;2026.10.08 05:15;0.56087;0.56093;0.56073;0.56085
M15;2026.10.08 05:30;0.56085;0.56085;0.56052;0.56055
M15;2026.10.08 05:45;0.56055;0.56065;0.56017;0.56030
M15;2026.10.08 06:00;0.56030;0.56039;0.55993;0.56002
M15;2026.10.08 06:15;0.56002;0.56017;0.55996;0.56017
M15;2026.10.08 06:30;0.56017;0.56038;0.56012;0.56035
M15;2026.10.08 06:45;0.56035;0.56039;0.56027;0.56032
M15;2026.10.08 07:00;0.56032;0.56041;0.56019;0.56021
M15;2026.10.08 07:15;0.56021;0.56026;0.56003;0.56021
M15;2026.10.08 07:30;0.56021;0.56027;0.56011;0.56026
M15;2026.10.08 07:45;0.56026;0.56044;0.56020;0.56041
M15;2026.10.08 08:00;0.56041;0.56056;0.56032;0.56039
M15;2026.10.08 08:15;0.56039;0.56051;0.56020;0.56023
M15;2026.10.08 08:30;0.56023;0.56027;0.56002;0.56006
M15;2026.10.08 08:45;0.56006;0.56011;0.55945;0.55952
M15;2026.10.08 09:00;0.55953;0.55975;0.55927;0.55975
M15;2026.10.08 09:15;0.55975;0.56006;0.55962;0.55975
M15;2026.10.08 09:30;0.55975;0.55994;0.55966;0.55991
M15;2026.10.08 09:45;0.55991;0.55995;0.55930;0.55932
M15;2026.10.08 10:00;0.55932;0.55946;0.55905;0.55931
M15;2026.10.08 10:15;0.55931;0.55965;0.55916;0.55965
M15;2026.10.08 10:30;0.55965;0.55968;0.55907;0.55944
M15;2026.10.08 10:45;0.55944;0.55957;0.55926;0.55935
M15;2026.10.08 11:00;0.55935;0.55964;0.55923;0.55960
M15;2026.10.08 11:15;0.55960;0.55992;0.55950;0.55985
M15;2026.10.08 11:30;0.55985;0.56004;0.55922;0.55943
M15;2026.10.08 11:45;0.55944;0.55947;0.55919;0.55924
M15;2026.10.08 12:00;0.55924;0.55946;0.55904;0.55913
M15;2026.10.08 12:15;0.55913;0.55944;0.55905;0.55939
M15;2026.10.08 12:30;0.55939;0.55958;0.55905;0.55905
M15;2026.10.08 12:45;0.55905;0.55912;0.55890;0.55900
