META;USDCHF;utc=2026.10.06 15:40;bid=0.83025;ask=0.83039;spread_pts=14;digits=5;point=0.000010;server_minus_utc_sec=10799
D1;2026.06.02 00:00;0.78587;0.78842;0.78442;0.78727
D1;2026.06.03 00:00;0.78681;0.79271;0.78648;0.79211
D1;2026.06.04 00:00;0.79107;0.79226;0.78679;0.78948
D1;2026.06.05 00:00;0.78880;0.79678;0.78720;0.79631
D1;2026.06.08 00:00;0.79534;0.79866;0.79386;0.79788
D1;2026.06.09 00:00;0.79712;0.79918;0.79484;0.79831
D1;2026.06.10 00:00;0.79715;0.80022;0.79650;0.80014
D1;2026.06.11 00:00;0.79878;0.80129;0.79417;0.79473
D1;2026.06.12 00:00;0.79416;0.79758;0.79412;0.79699
D1;2026.06.15 00:00;0.79641;0.79643;0.79211;0.79473
D1;2026.06.16 00:00;0.79333;0.79597;0.79215;0.79319
D1;2026.06.17 00:00;0.79257;0.80154;0.79099;0.79975
D1;2026.06.18 00:00;0.79926;0.80620;0.79818;0.80455
D1;2026.06.19 00:00;0.80389;0.80916;0.80380;0.80658
D1;2026.06.22 00:00;0.80711;0.80973;0.80692;0.80861
D1;2026.06.23 00:00;0.80780;0.81064;0.80749;0.80939
D1;2026.06.24 00:00;0.80929;0.81394;0.80918;0.81228
D1;2026.06.25 00:00;0.81189;0.81348;0.80896;0.81012
D1;2026.06.26 00:00;0.80920;0.81118;0.80659;0.81009
D1;2026.06.29 00:00;0.80998;0.81033;0.80715;0.80752
D1;2026.06.30 00:00;0.80719;0.81014;0.80630;0.80833
D1;2026.07.01 00:00;0.80788;0.81201;0.80746;0.80948
D1;2026.07.02 00:00;0.80902;0.80969;0.80098;0.80345
D1;2026.07.03 00:00;0.80337;0.80469;0.80104;0.80363
D1;2026.07.06 00:00;0.80291;0.80730;0.80280;0.80529
D1;2026.07.07 00:00;0.80518;0.80876;0.80395;0.80844
D1;2026.07.08 00:00;0.80759;0.81080;0.80637;0.80846
D1;2026.07.09 00:00;0.80821;0.80847;0.80529;0.80698
D1;2026.07.10 00:00;0.80606;0.80894;0.80303;0.80869
D1;2026.07.13 00:00;0.80695;0.81492;0.80688;0.81471
D1;2026.07.14 00:00;0.81445;0.81515;0.80605;0.80923
D1;2026.07.15 00:00;0.80775;0.81145;0.80338;0.80530
D1;2026.07.16 00:00;0.80472;0.80970;0.80414;0.80853
D1;2026.07.17 00:00;0.80841;0.80928;0.80601;0.80736
D1;2026.07.20 00:00;0.80794;0.81078;0.80612;0.81016
D1;2026.07.21 00:00;0.80908;0.81324;0.80908;0.81285
D1;2026.07.22 00:00;0.81263;0.81480;0.81135;0.81436
D1;2026.07.23 00:00;0.81420;0.81802;0.81300;0.81685
D1;2026.07.24 00:00;0.81559;0.81854;0.81529;0.81832
D1;2026.07.27 00:00;0.81567;0.81937;0.81388;0.81930
D1;2026.07.28 00:00;0.81839;0.82051;0.81677;0.81935
D1;2026.07.29 00:00;0.81859;0.82068;0.81325;0.81344
D1;2026.07.30 00:00;0.81318;0.81748;0.80391;0.80505
D1;2026.07.31 00:00;0.80494;0.81290;0.80423;0.80727
D1;2026.08.03 00:00;0.80583;0.81153;0.80558;0.81038
D1;2026.08.04 00:00;0.80982;0.81063;0.80800;0.80884
D1;2026.08.05 00:00;0.80869;0.81014;0.80638;0.80704
D1;2026.08.06 00:00;0.80655;0.81359;0.80601;0.81238
D1;2026.08.07 00:00;0.81158;0.81293;0.80564;0.80795
D1;2026.08.10 00:00;0.80699;0.81043;0.80655;0.81023
D1;2026.08.11 00:00;0.80973;0.81207;0.80918;0.81088
D1;2026.08.12 00:00;0.81018;0.81394;0.80942;0.81365
D1;2026.08.13 00:00;0.81203;0.81469;0.81124;0.81410
D1;2026.08.14 00:00;0.81276;0.81442;0.81033;0.81335
D1;2026.08.17 00:00;0.81249;0.81349;0.80720;0.81091
D1;2026.08.18 00:00;0.80972;0.81311;0.80930;0.81239
D1;2026.08.19 00:00;0.81193;0.81281;0.79697;0.79711
D1;2026.08.20 00:00;0.79709;0.80097;0.79496;0.80041
D1;2026.08.21 00:00;0.79943;0.80206;0.79829;0.80134
D1;2026.08.24 00:00;0.80130;0.80297;0.79964;0.80251
D1;2026.08.25 00:00;0.80100;0.80422;0.80080;0.80131
D1;2026.08.26 00:00;0.80116;0.80628;0.80085;0.80525
D1;2026.08.27 00:00;0.80476;0.80614;0.80295;0.80419
D1;2026.08.28 00:00;0.80320;0.80986;0.80256;0.80931
D1;2026.08.31 00:00;0.80811;0.80983;0.80684;0.80835
D1;2026.09.01 00:00;0.80826;0.81248;0.80739;0.81152
D1;2026.09.02 00:00;0.81106;0.81568;0.81105;0.81292
D1;2026.09.03 00:00;0.81208;0.81313;0.80522;0.80759
D1;2026.09.04 00:00;0.80742;0.81265;0.80580;0.80996
D1;2026.09.07 00:00;0.80945;0.81099;0.80845;0.80952
D1;2026.09.08 00:00;0.80852;0.81205;0.80775;0.80957
D1;2026.09.09 00:00;0.80929;0.81098;0.80674;0.81017
D1;2026.09.10 00:00;0.80895;0.81471;0.80841;0.81294
D1;2026.09.11 00:00;0.81273;0.81704;0.81243;0.81643
D1;2026.09.14 00:00;0.81594;0.81951;0.81532;0.81733
D1;2026.09.15 00:00;0.81684;0.81990;0.81633;0.81878
D1;2026.09.16 00:00;0.81785;0.82638;0.81753;0.82583
D1;2026.09.17 00:00;0.82545;0.82628;0.82225;0.82460
D1;2026.09.18 00:00;0.82378;0.82597;0.82159;0.82205
D1;2026.09.21 00:00;0.82192;0.82389;0.82062;0.82107
D1;2026.09.22 00:00;0.82067;0.82247;0.81833;0.82050
D1;2026.09.23 00:00;0.82000;0.82602;0.81977;0.82522
D1;2026.09.24 00:00;0.82503;0.82964;0.82287;0.82776
D1;2026.09.25 00:00;0.82752;0.82980;0.82708;0.82857
D1;2026.09.28 00:00;0.82784;0.83275;0.82763;0.83202
D1;2026.09.29 00:00;0.83191;0.83585;0.83080;0.83373
D1;2026.09.30 00:00;0.83332;0.83617;0.83209;0.83575
D1;2026.10.01 00:00;0.83550;0.83823;0.82918;0.83100
D1;2026.10.02 00:00;0.83081;0.83266;0.82270;0.82874
D1;2026.10.05 00:00;0.82842;0.83239;0.82774;0.83052
H4;2026.09.01 16:00;0.80993;0.81245;0.80966;0.81234
H4;2026.09.01 20:00;0.81233;0.81248;0.81139;0.81152
H4;2026.09.02 00:00;0.81106;0.81251;0.81105;0.81251
H4;2026.09.02 04:00;0.81251;0.81335;0.81230;0.81324
H4;2026.09.02 08:00;0.81324;0.81498;0.81216;0.81482
H4;2026.09.02 12:00;0.81483;0.81568;0.81348;0.81487
H4;2026.09.02 16:00;0.81487;0.81487;0.81165;0.81313
H4;2026.09.02 20:00;0.81315;0.81348;0.81257;0.81292
H4;2026.09.03 00:00;0.81208;0.81313;0.81201;0.81269
H4;2026.09.03 04:00;0.81269;0.81297;0.81147;0.81181
H4;2026.09.03 08:00;0.81181;0.81195;0.80832;0.80900
H4;2026.09.03 12:00;0.80900;0.81007;0.80672;0.80700
H4;2026.09.03 16:00;0.80700;0.80964;0.80522;0.80586
H4;2026.09.03 20:00;0.80586;0.80773;0.80576;0.80759
H4;2026.09.04 00:00;0.80742;0.80797;0.80580;0.80778
H4;2026.09.04 04:00;0.80779;0.80846;0.80739;0.80793
H4;2026.09.04 08:00;0.80793;0.80886;0.80740;0.80871
H4;2026.09.04 12:00;0.80872;0.81265;0.80828;0.81104
H4;2026.09.04 16:00;0.81104;0.81178;0.80902;0.80921
H4;2026.09.04 20:00;0.80921;0.81037;0.80921;0.80996
H4;2026.09.07 00:00;0.80945;0.81031;0.80875;0.80960
H4;2026.09.07 04:00;0.80959;0.81099;0.80956;0.81049
H4;2026.09.07 08:00;0.81050;0.81092;0.80846;0.80943
H4;2026.09.07 12:00;0.80942;0.80955;0.80845;0.80904
H4;2026.09.07 16:00;0.80904;0.80941;0.80852;0.80900
H4;2026.09.07 20:00;0.80899;0.80964;0.80899;0.80952
H4;2026.09.08 00:00;0.80852;0.80941;0.80852;0.80922
H4;2026.09.08 04:00;0.80923;0.80959;0.80828;0.80929
H4;2026.09.08 08:00;0.80929;0.81193;0.80775;0.81177
H4;2026.09.08 12:00;0.81177;0.81205;0.80997;0.81000
H4;2026.09.08 16:00;0.81000;0.81006;0.80814;0.80923
H4;2026.09.08 20:00;0.80922;0.80983;0.80878;0.80957
H4;2026.09.09 00:00;0.80929;0.80949;0.80810;0.80883
H4;2026.09.09 04:00;0.80883;0.80953;0.80868;0.80873
H4;2026.09.09 08:00;0.80873;0.80962;0.80778;0.80960
H4;2026.09.09 12:00;0.80960;0.81066;0.80675;0.80781
H4;2026.09.09 16:00;0.80782;0.81098;0.80674;0.80993
H4;2026.09.09 20:00;0.80993;0.81068;0.80944;0.81017
H4;2026.09.10 00:00;0.80895;0.81040;0.80855;0.81006
H4;2026.09.10 04:00;0.81006;0.81010;0.80861;0.80931
H4;2026.09.10 08:00;0.80931;0.81049;0.80841;0.81020
H4;2026.09.10 12:00;0.81020;0.81471;0.80980;0.81300
H4;2026.09.10 16:00;0.81301;0.81385;0.81082;0.81218
H4;2026.09.10 20:00;0.81218;0.81353;0.81204;0.81294
H4;2026.09.11 00:00;0.81273;0.81342;0.81258;0.81276
H4;2026.09.11 04:00;0.81275;0.81420;0.81243;0.81341
H4;2026.09.11 08:00;0.81341;0.81435;0.81245;0.81426
H4;2026.09.11 12:00;0.81426;0.81702;0.81387;0.81415
H4;2026.09.11 16:00;0.81415;0.81619;0.81374;0.81607
H4;2026.09.11 20:00;0.81606;0.81704;0.81578;0.81643
H4;2026.09.14 00:00;0.81594;0.81741;0.81568;0.81724
H4;2026.09.14 04:00;0.81724;0.81840;0.81702;0.81824
H4;2026.09.14 08:00;0.81824;0.81951;0.81753;0.81880
H4;2026.09.14 12:00;0.81881;0.81887;0.81619;0.81792
H4;2026.09.14 16:00;0.81792;0.81917;0.81532;0.81555
H4;2026.09.14 20:00;0.81555;0.81766;0.81543;0.81733
H4;2026.09.15 00:00;0.81684;0.81776;0.81633;0.81756
H4;2026.09.15 04:00;0.81755;0.81833;0.81748;0.81818
H4;2026.09.15 08:00;0.81817;0.81861;0.81667;0.81767
H4;2026.09.15 12:00;0.81767;0.81861;0.81751;0.81841
H4;2026.09.15 16:00;0.81842;0.81990;0.81788;0.81856
H4;2026.09.15 20:00;0.81855;0.81918;0.81845;0.81878
H4;2026.09.16 00:00;0.81785;0.81948;0.81757;0.81929
H4;2026.09.16 04:00;0.81929;0.81966;0.81829;0.81860
H4;2026.09.16 08:00;0.81860;0.81906;0.81790;0.81875
H4;2026.09.16 12:00;0.81876;0.81947;0.81824;0.81873
H4;2026.09.16 16:00;0.81873;0.81942;0.81819;0.81912
H4;2026.09.16 20:00;0.81912;0.82638;0.81753;0.82583
H4;2026.09.17 00:00;0.82545;0.82628;0.82432;0.82579
H4;2026.09.17 04:00;0.82579;0.82605;0.82532;0.82555
H4;2026.09.17 08:00;0.82555;0.82600;0.82366;0.82536
H4;2026.09.17 12:00;0.82536;0.82620;0.82302;0.82372
H4;2026.09.17 16:00;0.82372;0.82491;0.82225;0.82490
H4;2026.09.17 20:00;0.82489;0.82525;0.82439;0.82460
H4;2026.09.18 00:00;0.82378;0.82501;0.82341;0.82448
H4;2026.09.18 04:00;0.82447;0.82523;0.82257;0.82346
H4;2026.09.18 08:00;0.82346;0.82522;0.82338;0.82453
H4;2026.09.18 12:00;0.82453;0.82597;0.82431;0.82485
H4;2026.09.18 16:00;0.82485;0.82538;0.82264;0.82276
H4;2026.09.18 20:00;0.82276;0.82276;0.82159;0.82205
H4;2026.09.21 00:00;0.82192;0.82282;0.82165;0.82248
H4;2026.09.21 04:00;0.82248;0.82323;0.82211;0.82311
H4;2026.09.21 08:00;0.82311;0.82389;0.82252;0.82334
H4;2026.09.21 12:00;0.82334;0.82352;0.82077;0.82151
H4;2026.09.21 16:00;0.82151;0.82273;0.82062;0.82109
H4;2026.09.21 20:00;0.82109;0.82163;0.82072;0.82107
H4;2026.09.22 00:00;0.82067;0.82111;0.82053;0.82059
H4;2026.09.22 04:00;0.82059;0.82107;0.82002;0.82003
H4;2026.09.22 08:00;0.82003;0.82247;0.81999;0.82075
H4;2026.09.22 12:00;0.82075;0.82163;0.81833;0.82020
H4;2026.09.22 16:00;0.82021;0.82230;0.81927;0.82155
H4;2026.09.22 20:00;0.82155;0.82209;0.81963;0.82050
H4;2026.09.23 00:00;0.82000;0.82117;0.81977;0.82077
H4;2026.09.23 04:00;0.82077;0.82180;0.82068;0.82151
H4;2026.09.23 08:00;0.82151;0.82323;0.82137;0.82232
H4;2026.09.23 12:00;0.82232;0.82372;0.82214;0.82320
H4;2026.09.23 16:00;0.82321;0.82570;0.82241;0.82567
H4;2026.09.23 20:00;0.82567;0.82602;0.82341;0.82522
H4;2026.09.24 00:00;0.82503;0.82562;0.82411;0.82506
H4;2026.09.24 04:00;0.82506;0.82547;0.82391;0.82421
H4;2026.09.24 08:00;0.82421;0.82806;0.82287;0.82789
H4;2026.09.24 12:00;0.82789;0.82838;0.82655;0.82755
H4;2026.09.24 16:00;0.82755;0.82964;0.82642;0.82768
H4;2026.09.24 20:00;0.82768;0.82912;0.82696;0.82776
H4;2026.09.25 00:00;0.82752;0.82841;0.82712;0.82795
H4;2026.09.25 04:00;0.82795;0.82932;0.82766;0.82919
H4;2026.09.25 08:00;0.82919;0.82978;0.82826;0.82865
H4;2026.09.25 12:00;0.82865;0.82980;0.82754;0.82836
H4;2026.09.25 16:00;0.82836;0.82958;0.82708;0.82834
H4;2026.09.25 20:00;0.82835;0.82918;0.82796;0.82857
H4;2026.09.28 00:00;0.82784;0.83010;0.82763;0.82959
H4;2026.09.28 04:00;0.82959;0.82968;0.82903;0.82962
H4;2026.09.28 08:00;0.82962;0.83146;0.82956;0.83111
H4;2026.09.28 12:00;0.83112;0.83256;0.83068;0.83186
H4;2026.09.28 16:00;0.83186;0.83275;0.83039;0.83174
H4;2026.09.28 20:00;0.83175;0.83229;0.83063;0.83202
H4;2026.09.29 00:00;0.83191;0.83266;0.83080;0.83234
H4;2026.09.29 04:00;0.83234;0.83344;0.83189;0.83342
H4;2026.09.29 08:00;0.83342;0.83428;0.83247;0.83404
H4;2026.09.29 12:00;0.83404;0.83495;0.83271;0.83372
H4;2026.09.29 16:00;0.83372;0.83585;0.83337;0.83570
H4;2026.09.29 20:00;0.83569;0.83584;0.83320;0.83373
H4;2026.09.30 00:00;0.83332;0.83452;0.83316;0.83420
H4;2026.09.30 04:00;0.83420;0.83470;0.83319;0.83460
H4;2026.09.30 08:00;0.83461;0.83466;0.83246;0.83251
H4;2026.09.30 12:00;0.83253;0.83483;0.83209;0.83365
H4;2026.09.30 16:00;0.83364;0.83547;0.83309;0.83511
H4;2026.09.30 20:00;0.83511;0.83617;0.83481;0.83575
H4;2026.10.01 00:00;0.83550;0.83579;0.83469;0.83518
H4;2026.10.01 04:00;0.83518;0.83665;0.83478;0.83662
H4;2026.10.01 08:00;0.83662;0.83823;0.83331;0.83528
H4;2026.10.01 12:00;0.83532;0.83723;0.83455;0.83543
H4;2026.10.01 16:00;0.83543;0.83593;0.82918;0.83206
H4;2026.10.01 20:00;0.83206;0.83295;0.83021;0.83100
H4;2026.10.02 00:00;0.83081;0.83158;0.83029;0.83157
H4;2026.10.02 04:00;0.83156;0.83266;0.82900;0.82970
H4;2026.10.02 08:00;0.82970;0.82992;0.82658;0.82822
H4;2026.10.02 12:00;0.82822;0.82921;0.82270;0.82713
H4;2026.10.02 16:00;0.82710;0.82978;0.82627;0.82935
H4;2026.10.02 20:00;0.82935;0.82966;0.82823;0.82874
H4;2026.10.05 00:00;0.82842;0.82901;0.82774;0.82854
H4;2026.10.05 04:00;0.82855;0.83160;0.82844;0.83012
H4;2026.10.05 08:00;0.83012;0.83086;0.82854;0.82934
H4;2026.10.05 12:00;0.82934;0.83146;0.82875;0.83082
H4;2026.10.05 16:00;0.83082;0.83239;0.83078;0.83190
H4;2026.10.05 20:00;0.83192;0.83233;0.83045;0.83052
H4;2026.10.06 00:00;0.83096;0.83176;0.83039;0.83080
H4;2026.10.06 04:00;0.83080;0.83182;0.83024;0.83161
H4;2026.10.06 08:00;0.83161;0.83263;0.83134;0.83187
H4;2026.10.06 12:00;0.83187;0.83198;0.82979;0.83082
H1;2026.09.28 12:00;0.83112;0.83139;0.83068;0.83132
H1;2026.09.28 13:00;0.83133;0.83173;0.83119;0.83154
H1;2026.09.28 14:00;0.83154;0.83231;0.83127;0.83182
H1;2026.09.28 15:00;0.83182;0.83256;0.83138;0.83186
H1;2026.09.28 16:00;0.83186;0.83259;0.83090;0.83173
H1;2026.09.28 17:00;0.83173;0.83275;0.83117;0.83210
H1;2026.09.28 18:00;0.83209;0.83240;0.83158;0.83220
H1;2026.09.28 19:00;0.83220;0.83223;0.83039;0.83174
H1;2026.09.28 20:00;0.83175;0.83207;0.83063;0.83146
H1;2026.09.28 21:00;0.83146;0.83208;0.83119;0.83190
H1;2026.09.28 22:00;0.83190;0.83229;0.83187;0.83202
H1;2026.09.28 23:00;0.83202;0.83223;0.83183;0.83202
H1;2026.09.29 00:00;0.83191;0.83191;0.83080;0.83139
H1;2026.09.29 01:00;0.83139;0.83206;0.83139;0.83182
H1;2026.09.29 02:00;0.83182;0.83194;0.83169;0.83183
H1;2026.09.29 03:00;0.83183;0.83266;0.83182;0.83234
H1;2026.09.29 04:00;0.83234;0.83254;0.83200;0.83235
H1;2026.09.29 05:00;0.83235;0.83239;0.83189;0.83224
H1;2026.09.29 06:00;0.83224;0.83301;0.83212;0.83290
H1;2026.09.29 07:00;0.83290;0.83344;0.83276;0.83342
H1;2026.09.29 08:00;0.83342;0.83396;0.83309;0.83310
H1;2026.09.29 09:00;0.83310;0.83354;0.83247;0.83343
H1;2026.09.29 10:00;0.83343;0.83367;0.83278;0.83336
H1;2026.09.29 11:00;0.83337;0.83428;0.83329;0.83404
H1;2026.09.29 12:00;0.83404;0.83495;0.83403;0.83479
H1;2026.09.29 13:00;0.83479;0.83491;0.83319;0.83321
H1;2026.09.29 14:00;0.83320;0.83369;0.83307;0.83318
H1;2026.09.29 15:00;0.83318;0.83373;0.83271;0.83372
H1;2026.09.29 16:00;0.83372;0.83427;0.83337;0.83399
H1;2026.09.29 17:00;0.83397;0.83434;0.83349;0.83413
H1;2026.09.29 18:00;0.83413;0.83517;0.83406;0.83464
H1;2026.09.29 19:00;0.83464;0.83585;0.83459;0.83570
H1;2026.09.29 20:00;0.83569;0.83584;0.83537;0.83569
H1;2026.09.29 21:00;0.83569;0.83569;0.83320;0.83355
H1;2026.09.29 22:00;0.83355;0.83409;0.83341;0.83392
H1;2026.09.29 23:00;0.83392;0.83426;0.83351;0.83373
H1;2026.09.30 00:00;0.83332;0.83366;0.83316;0.83335
H1;2026.09.30 01:00;0.83335;0.83442;0.83335;0.83442
H1;2026.09.30 02:00;0.83442;0.83452;0.83419;0.83422
H1;2026.09.30 03:00;0.83422;0.83448;0.83399;0.83420
H1;2026.09.30 04:00;0.83420;0.83461;0.83343;0.83397
H1;2026.09.30 05:00;0.83397;0.83410;0.83319;0.83349
H1;2026.09.30 06:00;0.83350;0.83438;0.83344;0.83435
H1;2026.09.30 07:00;0.83435;0.83470;0.83425;0.83460
H1;2026.09.30 08:00;0.83461;0.83466;0.83346;0.83365
H1;2026.09.30 09:00;0.83366;0.83385;0.83288;0.83330
H1;2026.09.30 10:00;0.83332;0.83405;0.83267;0.83358
H1;2026.09.30 11:00;0.83362;0.83378;0.83246;0.83251
H1;2026.09.30 12:00;0.83253;0.83389;0.83242;0.83356
H1;2026.09.30 13:00;0.83356;0.83430;0.83314;0.83373
H1;2026.09.30 14:00;0.83373;0.83475;0.83373;0.83458
H1;2026.09.30 15:00;0.83458;0.83483;0.83209;0.83365
H1;2026.09.30 16:00;0.83364;0.83454;0.83309;0.83434
H1;2026.09.30 17:00;0.83434;0.83542;0.83385;0.83474
H1;2026.09.30 18:00;0.83474;0.83528;0.83413;0.83477
H1;2026.09.30 19:00;0.83477;0.83547;0.83477;0.83511
H1;2026.09.30 20:00;0.83511;0.83543;0.83481;0.83532
H1;2026.09.30 21:00;0.83532;0.83557;0.83519;0.83540
H1;2026.09.30 22:00;0.83540;0.83617;0.83540;0.83556
H1;2026.09.30 23:00;0.83557;0.83613;0.83556;0.83575
H1;2026.10.01 00:00;0.83550;0.83550;0.83476;0.83493
H1;2026.10.01 01:00;0.83496;0.83556;0.83496;0.83550
H1;2026.10.01 02:00;0.83550;0.83579;0.83537;0.83564
H1;2026.10.01 03:00;0.83563;0.83574;0.83469;0.83518
H1;2026.10.01 04:00;0.83518;0.83607;0.83478;0.83607
H1;2026.10.01 05:00;0.83606;0.83654;0.83598;0.83615
H1;2026.10.01 06:00;0.83617;0.83664;0.83572;0.83579
H1;2026.10.01 07:00;0.83579;0.83665;0.83565;0.83662
H1;2026.10.01 08:00;0.83662;0.83677;0.83629;0.83653
H1;2026.10.01 09:00;0.83653;0.83823;0.83614;0.83679
H1;2026.10.01 10:00;0.83679;0.83753;0.83353;0.83403
H1;2026.10.01 11:00;0.83401;0.83573;0.83331;0.83528
H1;2026.10.01 12:00;0.83532;0.83703;0.83455;0.83695
H1;2026.10.01 13:00;0.83694;0.83723;0.83525;0.83573
H1;2026.10.01 14:00;0.83573;0.83635;0.83491;0.83528
H1;2026.10.01 15:00;0.83528;0.83581;0.83467;0.83543
H1;2026.10.01 16:00;0.83543;0.83593;0.83331;0.83342
H1;2026.10.01 17:00;0.83342;0.83485;0.82918;0.83080
H1;2026.10.01 18:00;0.83080;0.83197;0.82956;0.83136
H1;2026.10.01 19:00;0.83136;0.83248;0.82994;0.83206
H1;2026.10.01 20:00;0.83206;0.83281;0.83058;0.83273
H1;2026.10.01 21:00;0.83273;0.83295;0.83147;0.83167
H1;2026.10.01 22:00;0.83167;0.83177;0.83037;0.83071
H1;2026.10.01 23:00;0.83071;0.83114;0.83021;0.83100
H1;2026.10.02 00:00;0.83081;0.83084;0.83029;0.83063
H1;2026.10.02 01:00;0.83063;0.83130;0.83061;0.83108
H1;2026.10.02 02:00;0.83108;0.83121;0.83046;0.83058
H1;2026.10.02 03:00;0.83058;0.83158;0.83038;0.83157
H1;2026.10.02 04:00;0.83156;0.83266;0.83142;0.83206
H1;2026.10.02 05:00;0.83206;0.83216;0.83097;0.83098
H1;2026.10.02 06:00;0.83097;0.83102;0.82908;0.82920
H1;2026.10.02 07:00;0.82920;0.82992;0.82900;0.82970
H1;2026.10.02 08:00;0.82970;0.82992;0.82932;0.82957
H1;2026.10.02 09:00;0.82957;0.82988;0.82664;0.82904
H1;2026.10.02 10:00;0.82904;0.82949;0.82684;0.82723
H1;2026.10.02 11:00;0.82724;0.82882;0.82658;0.82822
H1;2026.10.02 12:00;0.82822;0.82896;0.82789;0.82794
H1;2026.10.02 13:00;0.82795;0.82891;0.82738;0.82855
H1;2026.10.02 14:00;0.82854;0.82921;0.82606;0.82665
H1;2026.10.02 15:00;0.82665;0.82739;0.82270;0.82713
H1;2026.10.02 16:00;0.82710;0.82877;0.82627;0.82792
H1;2026.10.02 17:00;0.82793;0.82913;0.82674;0.82845
H1;2026.10.02 18:00;0.82845;0.82973;0.82843;0.82928
H1;2026.10.02 19:00;0.82927;0.82978;0.82876;0.82935
H1;2026.10.02 20:00;0.82935;0.82966;0.82883;0.82896
H1;2026.10.02 21:00;0.82895;0.82920;0.82847;0.82872
H1;2026.10.02 22:00;0.82872;0.82893;0.82823;0.82848
H1;2026.10.02 23:00;0.82847;0.82887;0.82835;0.82874
H1;2026.10.05 00:00;0.82842;0.82845;0.82842;0.82842
H1;2026.10.05 01:00;0.82842;0.82901;0.82803;0.82807
H1;2026.10.05 02:00;0.82807;0.82833;0.82790;0.82814
H1;2026.10.05 03:00;0.82814;0.82898;0.82774;0.82854
H1;2026.10.05 04:00;0.82855;0.82921;0.82844;0.82909
H1;2026.10.05 05:00;0.82909;0.83160;0.82902;0.83120
H1;2026.10.05 06:00;0.83120;0.83134;0.83043;0.83129
H1;2026.10.05 07:00;0.83129;0.83142;0.83011;0.83012
H1;2026.10.05 08:00;0.83012;0.83034;0.82940;0.83002
H1;2026.10.05 09:00;0.83002;0.83048;0.82957;0.82979
H1;2026.10.05 10:00;0.82979;0.83086;0.82854;0.82901
H1;2026.10.05 11:00;0.82900;0.82961;0.82860;0.82934
H1;2026.10.05 12:00;0.82934;0.82971;0.82881;0.82896
H1;2026.10.05 13:00;0.82896;0.83011;0.82875;0.83006
H1;2026.10.05 14:00;0.83007;0.83146;0.82978;0.83104
H1;2026.10.05 15:00;0.83104;0.83121;0.83045;0.83082
H1;2026.10.05 16:00;0.83082;0.83239;0.83078;0.83176
H1;2026.10.05 17:00;0.83175;0.83224;0.83115;0.83126
H1;2026.10.05 18:00;0.83126;0.83152;0.83079;0.83130
H1;2026.10.05 19:00;0.83130;0.83199;0.83130;0.83190
H1;2026.10.05 20:00;0.83192;0.83233;0.83109;0.83114
H1;2026.10.05 21:00;0.83114;0.83154;0.83069;0.83073
H1;2026.10.05 22:00;0.83073;0.83089;0.83045;0.83060
H1;2026.10.05 23:00;0.83060;0.83084;0.83047;0.83052
H1;2026.10.06 00:00;0.83096;0.83110;0.83047;0.83047
H1;2026.10.06 01:00;0.83047;0.83095;0.83039;0.83086
H1;2026.10.06 02:00;0.83087;0.83140;0.83080;0.83134
H1;2026.10.06 03:00;0.83135;0.83176;0.83078;0.83080
H1;2026.10.06 04:00;0.83080;0.83105;0.83024;0.83096
H1;2026.10.06 05:00;0.83096;0.83182;0.83092;0.83169
H1;2026.10.06 06:00;0.83169;0.83179;0.83105;0.83118
H1;2026.10.06 07:00;0.83118;0.83169;0.83103;0.83161
H1;2026.10.06 08:00;0.83161;0.83185;0.83141;0.83159
H1;2026.10.06 09:00;0.83159;0.83227;0.83134;0.83203
H1;2026.10.06 10:00;0.83203;0.83263;0.83153;0.83207
H1;2026.10.06 11:00;0.83207;0.83257;0.83171;0.83187
H1;2026.10.06 12:00;0.83187;0.83198;0.83100;0.83131
H1;2026.10.06 13:00;0.83132;0.83156;0.83099;0.83133
H1;2026.10.06 14:00;0.83133;0.83152;0.82979;0.83029
H1;2026.10.06 15:00;0.83030;0.83111;0.82991;0.83082
H1;2026.10.06 16:00;0.83082;0.83244;0.83062;0.83225
H1;2026.10.06 17:00;0.83224;0.83258;0.83075;0.83104
M15;2026.10.05 12:30;0.82909;0.82944;0.82892;0.82941
M15;2026.10.05 12:45;0.82941;0.82964;0.82893;0.82896
M15;2026.10.05 13:00;0.82896;0.82942;0.82875;0.82912
M15;2026.10.05 13:15;0.82914;0.83001;0.82914;0.82974
M15;2026.10.05 13:30;0.82974;0.82989;0.82950;0.82971
M15;2026.10.05 13:45;0.82971;0.83011;0.82966;0.83006
M15;2026.10.05 14:00;0.83007;0.83040;0.82978;0.83031
M15;2026.10.05 14:15;0.83031;0.83091;0.83023;0.83048
M15;2026.10.05 14:30;0.83047;0.83146;0.83031;0.83094
M15;2026.10.05 14:45;0.83094;0.83127;0.83076;0.83104
M15;2026.10.05 15:00;0.83104;0.83115;0.83075;0.83087
M15;2026.10.05 15:15;0.83087;0.83121;0.83068;0.83069
M15;2026.10.05 15:30;0.83069;0.83083;0.83045;0.83064
M15;2026.10.05 15:45;0.83064;0.83117;0.83056;0.83082
M15;2026.10.05 16:00;0.83082;0.83133;0.83078;0.83117
M15;2026.10.05 16:15;0.83117;0.83152;0.83114;0.83135
M15;2026.10.05 16:30;0.83135;0.83220;0.83135;0.83209
M15;2026.10.05 16:45;0.83210;0.83239;0.83170;0.83176
M15;2026.10.05 17:00;0.83175;0.83224;0.83155;0.83197
M15;2026.10.05 17:15;0.83197;0.83224;0.83166;0.83172
M15;2026.10.05 17:30;0.83172;0.83208;0.83147;0.83174
M15;2026.10.05 17:45;0.83174;0.83187;0.83115;0.83126
M15;2026.10.05 18:00;0.83126;0.83130;0.83079;0.83130
M15;2026.10.05 18:15;0.83130;0.83152;0.83104;0.83110
M15;2026.10.05 18:30;0.83110;0.83139;0.83102;0.83133
M15;2026.10.05 18:45;0.83133;0.83143;0.83109;0.83130
M15;2026.10.05 19:00;0.83130;0.83179;0.83130;0.83168
M15;2026.10.05 19:15;0.83168;0.83179;0.83149;0.83169
M15;2026.10.05 19:30;0.83169;0.83197;0.83168;0.83182
M15;2026.10.05 19:45;0.83182;0.83199;0.83168;0.83190
M15;2026.10.05 20:00;0.83192;0.83233;0.83186;0.83218
M15;2026.10.05 20:15;0.83218;0.83219;0.83168;0.83179
M15;2026.10.05 20:30;0.83179;0.83188;0.83163;0.83174
M15;2026.10.05 20:45;0.83174;0.83179;0.83109;0.83114
M15;2026.10.05 21:00;0.83114;0.83129;0.83091;0.83129
M15;2026.10.05 21:15;0.83129;0.83154;0.83110;0.83123
M15;2026.10.05 21:30;0.83123;0.83124;0.83099;0.83121
M15;2026.10.05 21:45;0.83121;0.83122;0.83069;0.83073
M15;2026.10.05 22:00;0.83073;0.83089;0.83064;0.83072
M15;2026.10.05 22:15;0.83072;0.83074;0.83045;0.83072
M15;2026.10.05 22:30;0.83072;0.83080;0.83055;0.83061
M15;2026.10.05 22:45;0.83061;0.83079;0.83055;0.83060
M15;2026.10.05 23:00;0.83060;0.83074;0.83053;0.83070
M15;2026.10.05 23:15;0.83070;0.83082;0.83065;0.83070
M15;2026.10.05 23:30;0.83070;0.83084;0.83070;0.83073
M15;2026.10.05 23:45;0.83073;0.83073;0.83047;0.83052
M15;2026.10.06 00:00;0.83096;0.83110;0.83048;0.83066
M15;2026.10.06 00:15;0.83066;0.83085;0.83061;0.83072
M15;2026.10.06 00:30;0.83074;0.83078;0.83059;0.83072
M15;2026.10.06 00:45;0.83072;0.83074;0.83047;0.83047
M15;2026.10.06 01:00;0.83047;0.83078;0.83039;0.83072
M15;2026.10.06 01:15;0.83072;0.83088;0.83072;0.83077
M15;2026.10.06 01:30;0.83077;0.83088;0.83071;0.83085
M15;2026.10.06 01:45;0.83085;0.83095;0.83080;0.83086
M15;2026.10.06 02:00;0.83087;0.83106;0.83084;0.83101
M15;2026.10.06 02:15;0.83101;0.83101;0.83085;0.83087
M15;2026.10.06 02:30;0.83087;0.83092;0.83080;0.83089
M15;2026.10.06 02:45;0.83089;0.83140;0.83088;0.83134
M15;2026.10.06 03:00;0.83135;0.83158;0.83130;0.83153
M15;2026.10.06 03:15;0.83153;0.83176;0.83132;0.83167
M15;2026.10.06 03:30;0.83168;0.83170;0.83119;0.83121
M15;2026.10.06 03:45;0.83121;0.83128;0.83078;0.83080
M15;2026.10.06 04:00;0.83080;0.83098;0.83060;0.83066
M15;2026.10.06 04:15;0.83066;0.83088;0.83025;0.83025
M15;2026.10.06 04:30;0.83025;0.83074;0.83024;0.83066
M15;2026.10.06 04:45;0.83066;0.83105;0.83065;0.83096
M15;2026.10.06 05:00;0.83096;0.83135;0.83092;0.83128
M15;2026.10.06 05:15;0.83128;0.83145;0.83123;0.83138
M15;2026.10.06 05:30;0.83138;0.83182;0.83134;0.83179
M15;2026.10.06 05:45;0.83179;0.83182;0.83154;0.83169
M15;2026.10.06 06:00;0.83169;0.83179;0.83149;0.83150
M15;2026.10.06 06:15;0.83150;0.83160;0.83131;0.83137
M15;2026.10.06 06:30;0.83138;0.83147;0.83111;0.83120
M15;2026.10.06 06:45;0.83120;0.83126;0.83105;0.83118
M15;2026.10.06 07:00;0.83118;0.83141;0.83103;0.83135
M15;2026.10.06 07:15;0.83135;0.83155;0.83130;0.83152
M15;2026.10.06 07:30;0.83152;0.83160;0.83141;0.83150
M15;2026.10.06 07:45;0.83150;0.83169;0.83149;0.83161
M15;2026.10.06 08:00;0.83161;0.83168;0.83152;0.83154
M15;2026.10.06 08:15;0.83154;0.83179;0.83143;0.83157
M15;2026.10.06 08:30;0.83156;0.83179;0.83141;0.83169
M15;2026.10.06 08:45;0.83169;0.83185;0.83156;0.83159
M15;2026.10.06 09:00;0.83159;0.83221;0.83134;0.83221
M15;2026.10.06 09:15;0.83221;0.83221;0.83163;0.83174
M15;2026.10.06 09:30;0.83175;0.83219;0.83163;0.83211
M15;2026.10.06 09:45;0.83211;0.83227;0.83187;0.83203
M15;2026.10.06 10:00;0.83203;0.83259;0.83170;0.83204
M15;2026.10.06 10:15;0.83195;0.83251;0.83153;0.83244
M15;2026.10.06 10:30;0.83245;0.83263;0.83177;0.83191
M15;2026.10.06 10:45;0.83190;0.83219;0.83178;0.83207
M15;2026.10.06 11:00;0.83207;0.83249;0.83185;0.83227
M15;2026.10.06 11:15;0.83228;0.83257;0.83194;0.83233
M15;2026.10.06 11:30;0.83233;0.83234;0.83171;0.83207
M15;2026.10.06 11:45;0.83207;0.83226;0.83185;0.83187
M15;2026.10.06 12:00;0.83187;0.83198;0.83147;0.83171
M15;2026.10.06 12:15;0.83173;0.83184;0.83138;0.83153
M15;2026.10.06 12:30;0.83153;0.83154;0.83102;0.83127
M15;2026.10.06 12:45;0.83127;0.83148;0.83100;0.83131
M15;2026.10.06 13:00;0.83132;0.83136;0.83099;0.83130
M15;2026.10.06 13:15;0.83130;0.83156;0.83124;0.83149
M15;2026.10.06 13:30;0.83149;0.83149;0.83124;0.83131
M15;2026.10.06 13:45;0.83132;0.83151;0.83110;0.83133
M15;2026.10.06 14:00;0.83133;0.83152;0.83075;0.83077
M15;2026.10.06 14:15;0.83077;0.83077;0.83015;0.83066
M15;2026.10.06 14:30;0.83066;0.83068;0.82979;0.82998
M15;2026.10.06 14:45;0.82998;0.83063;0.82989;0.83029
M15;2026.10.06 15:00;0.83030;0.83068;0.82991;0.83029
M15;2026.10.06 15:15;0.83029;0.83107;0.83028;0.83105
M15;2026.10.06 15:30;0.83105;0.83111;0.83082;0.83098
M15;2026.10.06 15:45;0.83098;0.83105;0.83031;0.83082
M15;2026.10.06 16:00;0.83082;0.83096;0.83062;0.83093
M15;2026.10.06 16:15;0.83093;0.83150;0.83090;0.83135
M15;2026.10.06 16:30;0.83135;0.83156;0.83110;0.83150
M15;2026.10.06 16:45;0.83150;0.83244;0.83148;0.83225
M15;2026.10.06 17:00;0.83224;0.83227;0.83194;0.83218
M15;2026.10.06 17:15;0.83219;0.83258;0.83205;0.83229
M15;2026.10.06 17:30;0.83229;0.83241;0.83172;0.83173
M15;2026.10.06 17:45;0.83172;0.83174;0.83075;0.83104
M15;2026.10.06 18:00;0.83104;0.83113;0.83066;0.83091
M15;2026.10.06 18:15;0.83090;0.83093;0.83043;0.83071
