META;USDCAD;utc=2026.10.08 10:05;bid=1.42636;ask=1.42655;spread_pts=19;digits=5;point=0.000010;server_minus_utc_sec=10799
D1;2026.06.04 00:00;1.38937;1.39249;1.38810;1.39096
D1;2026.06.05 00:00;1.38969;1.39502;1.38661;1.39412
D1;2026.06.08 00:00;1.39272;1.39610;1.39258;1.39536
D1;2026.06.09 00:00;1.39486;1.39690;1.39188;1.39494
D1;2026.06.10 00:00;1.39412;1.39571;1.38988;1.39443
D1;2026.06.11 00:00;1.39392;1.40237;1.39315;1.39648
D1;2026.06.12 00:00;1.39535;1.39957;1.39511;1.39888
D1;2026.06.15 00:00;1.39861;1.39939;1.39504;1.39904
D1;2026.06.16 00:00;1.39833;1.40183;1.39794;1.39947
D1;2026.06.17 00:00;1.39908;1.41226;1.39888;1.41014
D1;2026.06.18 00:00;1.40926;1.41465;1.40920;1.41376
D1;2026.06.19 00:00;1.41359;1.41831;1.41273;1.41672
D1;2026.06.22 00:00;1.41604;1.41931;1.41444;1.41602
D1;2026.06.23 00:00;1.41514;1.42170;1.41507;1.42093
D1;2026.06.24 00:00;1.42052;1.42479;1.42012;1.42331
D1;2026.06.25 00:00;1.42281;1.42478;1.41773;1.42003
D1;2026.06.26 00:00;1.42000;1.42094;1.41691;1.41929
D1;2026.06.29 00:00;1.42006;1.42176;1.41752;1.42127
D1;2026.06.30 00:00;1.42026;1.42473;1.41780;1.41973
D1;2026.07.01 00:00;1.41951;1.42349;1.41916;1.42149
D1;2026.07.02 00:00;1.42053;1.42242;1.41501;1.41810
D1;2026.07.03 00:00;1.41782;1.42069;1.41593;1.42049
D1;2026.07.06 00:00;1.41905;1.42385;1.41905;1.42059
D1;2026.07.07 00:00;1.41999;1.42259;1.41834;1.41999
D1;2026.07.08 00:00;1.41949;1.42084;1.41547;1.41734
D1;2026.07.09 00:00;1.41637;1.41895;1.41528;1.41677
D1;2026.07.10 00:00;1.41633;1.41722;1.41171;1.41554
D1;2026.07.13 00:00;1.41564;1.41745;1.41250;1.41560
D1;2026.07.14 00:00;1.41476;1.41549;1.40475;1.40597
D1;2026.07.15 00:00;1.40609;1.40771;1.40245;1.40409
D1;2026.07.16 00:00;1.40326;1.40580;1.40101;1.40411
D1;2026.07.17 00:00;1.40377;1.40455;1.40052;1.40181
D1;2026.07.20 00:00;1.40094;1.40719;1.40028;1.40701
D1;2026.07.21 00:00;1.40698;1.41109;1.40540;1.41101
D1;2026.07.22 00:00;1.41074;1.41110;1.40763;1.40877
D1;2026.07.23 00:00;1.40776;1.40996;1.40565;1.40842
D1;2026.07.24 00:00;1.40786;1.41148;1.40659;1.40953
D1;2026.07.27 00:00;1.40856;1.41262;1.40703;1.41242
D1;2026.07.28 00:00;1.41223;1.41287;1.40859;1.41075
D1;2026.07.29 00:00;1.40989;1.41096;1.40231;1.40471
D1;2026.07.30 00:00;1.40451;1.40678;1.39906;1.40105
D1;2026.07.31 00:00;1.40074;1.40586;1.40025;1.40112
D1;2026.08.03 00:00;1.40073;1.40534;1.40043;1.40455
D1;2026.08.04 00:00;1.40395;1.40801;1.40350;1.40605
D1;2026.08.05 00:00;1.40577;1.40801;1.40047;1.40106
D1;2026.08.06 00:00;1.40077;1.40376;1.39902;1.40132
D1;2026.08.07 00:00;1.40091;1.40289;1.39255;1.39440
D1;2026.08.10 00:00;1.39470;1.39636;1.39265;1.39394
D1;2026.08.11 00:00;1.39350;1.39459;1.39151;1.39248
D1;2026.08.12 00:00;1.39216;1.39470;1.39079;1.39394
D1;2026.08.13 00:00;1.39377;1.39582;1.39277;1.39311
D1;2026.08.14 00:00;1.39281;1.39335;1.38641;1.38726
D1;2026.08.17 00:00;1.38726;1.38776;1.38446;1.38762
D1;2026.08.18 00:00;1.38633;1.39101;1.38616;1.38962
D1;2026.08.19 00:00;1.38896;1.39078;1.38031;1.38077
D1;2026.08.20 00:00;1.38065;1.38124;1.37556;1.37889
D1;2026.08.21 00:00;1.37827;1.37880;1.37320;1.37670
D1;2026.08.24 00:00;1.38131;1.38600;1.37826;1.38432
D1;2026.08.25 00:00;1.38419;1.38668;1.38249;1.38392
D1;2026.08.26 00:00;1.38287;1.38929;1.38279;1.38752
D1;2026.08.27 00:00;1.38708;1.38910;1.38519;1.38567
D1;2026.08.28 00:00;1.38496;1.39099;1.38426;1.39069
D1;2026.08.31 00:00;1.39084;1.39104;1.38525;1.38553
D1;2026.09.01 00:00;1.38489;1.39065;1.38450;1.38967
D1;2026.09.02 00:00;1.38927;1.39397;1.38348;1.38451
D1;2026.09.03 00:00;1.38362;1.38473;1.37651;1.37935
D1;2026.09.04 00:00;1.37865;1.38718;1.37844;1.38374
D1;2026.09.07 00:00;1.38268;1.38413;1.38047;1.38138
D1;2026.09.08 00:00;1.38085;1.38156;1.37596;1.37839
D1;2026.09.09 00:00;1.37772;1.38203;1.37658;1.38043
D1;2026.09.10 00:00;1.37972;1.38393;1.37961;1.38333
D1;2026.09.11 00:00;1.38261;1.38839;1.38223;1.38721
D1;2026.09.14 00:00;1.38664;1.39295;1.38646;1.39000
D1;2026.09.15 00:00;1.39004;1.39292;1.38969;1.39212
D1;2026.09.16 00:00;1.39122;1.39946;1.39110;1.39888
D1;2026.09.17 00:00;1.39853;1.40013;1.39736;1.39910
D1;2026.09.18 00:00;1.39849;1.40142;1.39759;1.39824
D1;2026.09.21 00:00;1.39815;1.40388;1.39813;1.40336
D1;2026.09.22 00:00;1.40279;1.40838;1.40242;1.40646
D1;2026.09.23 00:00;1.40557;1.41096;1.40557;1.41034
D1;2026.09.24 00:00;1.40939;1.41493;1.40883;1.41370
D1;2026.09.25 00:00;1.41276;1.41542;1.41275;1.41411
D1;2026.09.28 00:00;1.41370;1.41775;1.41370;1.41740
D1;2026.09.29 00:00;1.41672;1.42014;1.41662;1.41885
D1;2026.09.30 00:00;1.41868;1.42367;1.41544;1.42321
D1;2026.10.01 00:00;1.42282;1.42626;1.42223;1.42226
D1;2026.10.02 00:00;1.42182;1.42612;1.42019;1.42565
D1;2026.10.05 00:00;1.42471;1.42934;1.42374;1.42599
D1;2026.10.06 00:00;1.42557;1.42850;1.42064;1.42096
D1;2026.10.07 00:00;1.42040;1.42805;1.42040;1.42595
H4;2026.09.03 12:00;1.38069;1.38138;1.37858;1.37919
H4;2026.09.03 16:00;1.37919;1.38071;1.37651;1.37709
H4;2026.09.03 20:00;1.37710;1.37959;1.37706;1.37935
H4;2026.09.04 00:00;1.37865;1.37954;1.37865;1.37895
H4;2026.09.04 04:00;1.37895;1.37953;1.37844;1.37913
H4;2026.09.04 08:00;1.37912;1.38060;1.37882;1.38006
H4;2026.09.04 12:00;1.38006;1.38718;1.37917;1.38665
H4;2026.09.04 16:00;1.38664;1.38717;1.38305;1.38366
H4;2026.09.04 20:00;1.38365;1.38414;1.38271;1.38374
H4;2026.09.07 00:00;1.38268;1.38381;1.38264;1.38311
H4;2026.09.07 04:00;1.38309;1.38413;1.38303;1.38348
H4;2026.09.07 08:00;1.38348;1.38377;1.38188;1.38258
H4;2026.09.07 12:00;1.38258;1.38273;1.38099;1.38126
H4;2026.09.07 16:00;1.38125;1.38190;1.38047;1.38100
H4;2026.09.07 20:00;1.38100;1.38176;1.38099;1.38138
H4;2026.09.08 00:00;1.38085;1.38156;1.38021;1.38078
H4;2026.09.08 04:00;1.38079;1.38117;1.37994;1.38028
H4;2026.09.08 08:00;1.38028;1.38032;1.37753;1.38018
H4;2026.09.08 12:00;1.38018;1.38146;1.37891;1.37891
H4;2026.09.08 16:00;1.37892;1.37932;1.37596;1.37884
H4;2026.09.08 20:00;1.37879;1.37916;1.37763;1.37839
H4;2026.09.09 00:00;1.37772;1.37872;1.37740;1.37743
H4;2026.09.09 04:00;1.37743;1.37825;1.37725;1.37727
H4;2026.09.09 08:00;1.37728;1.37794;1.37665;1.37789
H4;2026.09.09 12:00;1.37789;1.37866;1.37658;1.37784
H4;2026.09.09 16:00;1.37781;1.38203;1.37779;1.38062
H4;2026.09.09 20:00;1.38062;1.38123;1.38012;1.38043
H4;2026.09.10 00:00;1.37972;1.38087;1.37961;1.38081
H4;2026.09.10 04:00;1.38081;1.38117;1.38039;1.38085
H4;2026.09.10 08:00;1.38085;1.38113;1.38025;1.38049
H4;2026.09.10 12:00;1.38049;1.38348;1.38009;1.38259
H4;2026.09.10 16:00;1.38259;1.38326;1.38045;1.38175
H4;2026.09.10 20:00;1.38175;1.38393;1.38131;1.38333
H4;2026.09.11 00:00;1.38261;1.38371;1.38223;1.38347
H4;2026.09.11 04:00;1.38347;1.38462;1.38341;1.38400
H4;2026.09.11 08:00;1.38400;1.38470;1.38343;1.38465
H4;2026.09.11 12:00;1.38465;1.38814;1.38428;1.38624
H4;2026.09.11 16:00;1.38624;1.38839;1.38595;1.38634
H4;2026.09.11 20:00;1.38634;1.38728;1.38606;1.38721
H4;2026.09.14 00:00;1.38664;1.38723;1.38646;1.38672
H4;2026.09.14 04:00;1.38671;1.38749;1.38670;1.38743
H4;2026.09.14 08:00;1.38743;1.38975;1.38713;1.38970
H4;2026.09.14 12:00;1.38971;1.39168;1.38860;1.39162
H4;2026.09.14 16:00;1.39163;1.39295;1.38999;1.39027
H4;2026.09.14 20:00;1.39027;1.39065;1.38975;1.39000
H4;2026.09.15 00:00;1.39004;1.39048;1.38969;1.39028
H4;2026.09.15 04:00;1.39028;1.39159;1.39026;1.39134
H4;2026.09.15 08:00;1.39133;1.39140;1.38980;1.39046
H4;2026.09.15 12:00;1.39046;1.39292;1.39021;1.39253
H4;2026.09.15 16:00;1.39253;1.39278;1.39067;1.39113
H4;2026.09.15 20:00;1.39113;1.39248;1.39102;1.39212
H4;2026.09.16 00:00;1.39122;1.39307;1.39110;1.39295
H4;2026.09.16 04:00;1.39295;1.39367;1.39274;1.39288
H4;2026.09.16 08:00;1.39289;1.39381;1.39209;1.39286
H4;2026.09.16 12:00;1.39286;1.39436;1.39236;1.39359
H4;2026.09.16 16:00;1.39359;1.39420;1.39289;1.39397
H4;2026.09.16 20:00;1.39397;1.39946;1.39306;1.39888
H4;2026.09.17 00:00;1.39853;1.39949;1.39851;1.39929
H4;2026.09.17 04:00;1.39929;1.39982;1.39885;1.39889
H4;2026.09.17 08:00;1.39889;1.39963;1.39810;1.39890
H4;2026.09.17 12:00;1.39890;1.40013;1.39812;1.39824
H4;2026.09.17 16:00;1.39824;1.39972;1.39736;1.39855
H4;2026.09.17 20:00;1.39854;1.39928;1.39850;1.39910
H4;2026.09.18 00:00;1.39849;1.39937;1.39827;1.39884
H4;2026.09.18 04:00;1.39884;1.39904;1.39759;1.39824
H4;2026.09.18 08:00;1.39824;1.40036;1.39808;1.40001
H4;2026.09.18 12:00;1.40001;1.40142;1.39962;1.40051
H4;2026.09.18 16:00;1.40051;1.40138;1.39994;1.40004
H4;2026.09.18 20:00;1.40004;1.40004;1.39809;1.39824
H4;2026.09.21 00:00;1.39815;1.39957;1.39813;1.39957
H4;2026.09.21 04:00;1.39957;1.40064;1.39939;1.40046
H4;2026.09.21 08:00;1.40046;1.40231;1.40042;1.40141
H4;2026.09.21 12:00;1.40141;1.40225;1.39962;1.39964
H4;2026.09.21 16:00;1.39964;1.40318;1.39964;1.40311
H4;2026.09.21 20:00;1.40311;1.40388;1.40277;1.40336
H4;2026.09.22 00:00;1.40279;1.40339;1.40269;1.40309
H4;2026.09.22 04:00;1.40309;1.40434;1.40246;1.40248
H4;2026.09.22 08:00;1.40248;1.40496;1.40242;1.40392
H4;2026.09.22 12:00;1.40393;1.40477;1.40275;1.40477
H4;2026.09.22 16:00;1.40477;1.40786;1.40448;1.40704
H4;2026.09.22 20:00;1.40704;1.40838;1.40602;1.40646
H4;2026.09.23 00:00;1.40557;1.40697;1.40557;1.40671
H4;2026.09.23 04:00;1.40671;1.40855;1.40671;1.40832
H4;2026.09.23 08:00;1.40833;1.40916;1.40775;1.40810
H4;2026.09.23 12:00;1.40810;1.40941;1.40777;1.40844
H4;2026.09.23 16:00;1.40844;1.41060;1.40815;1.41040
H4;2026.09.23 20:00;1.41042;1.41096;1.40908;1.41034
H4;2026.09.24 00:00;1.40939;1.41122;1.40883;1.41073
H4;2026.09.24 04:00;1.41074;1.41134;1.40997;1.41038
H4;2026.09.24 08:00;1.41038;1.41096;1.40967;1.41055
H4;2026.09.24 12:00;1.41055;1.41241;1.41030;1.41222
H4;2026.09.24 16:00;1.41221;1.41493;1.41213;1.41340
H4;2026.09.24 20:00;1.41340;1.41464;1.41318;1.41370
H4;2026.09.25 00:00;1.41276;1.41473;1.41275;1.41450
H4;2026.09.25 04:00;1.41450;1.41494;1.41398;1.41489
H4;2026.09.25 08:00;1.41489;1.41542;1.41398;1.41486
H4;2026.09.25 12:00;1.41486;1.41497;1.41330;1.41404
H4;2026.09.25 16:00;1.41404;1.41517;1.41340;1.41509
H4;2026.09.25 20:00;1.41510;1.41542;1.41411;1.41411
H4;2026.09.28 00:00;1.41370;1.41643;1.41370;1.41562
H4;2026.09.28 04:00;1.41563;1.41583;1.41476;1.41500
H4;2026.09.28 08:00;1.41500;1.41619;1.41488;1.41564
H4;2026.09.28 12:00;1.41564;1.41732;1.41541;1.41638
H4;2026.09.28 16:00;1.41639;1.41751;1.41555;1.41691
H4;2026.09.28 20:00;1.41693;1.41775;1.41605;1.41740
H4;2026.09.29 00:00;1.41672;1.41846;1.41662;1.41814
H4;2026.09.29 04:00;1.41813;1.41896;1.41730;1.41889
H4;2026.09.29 08:00;1.41889;1.41942;1.41807;1.41918
H4;2026.09.29 12:00;1.41918;1.42014;1.41753;1.41824
H4;2026.09.29 16:00;1.41824;1.41997;1.41763;1.41976
H4;2026.09.29 20:00;1.41976;1.41989;1.41752;1.41885
H4;2026.09.30 00:00;1.41868;1.41942;1.41810;1.41925
H4;2026.09.30 04:00;1.41925;1.41998;1.41900;1.41983
H4;2026.09.30 08:00;1.41983;1.41985;1.41747;1.41786
H4;2026.09.30 12:00;1.41785;1.41886;1.41544;1.41754
H4;2026.09.30 16:00;1.41754;1.42217;1.41702;1.42157
H4;2026.09.30 20:00;1.42155;1.42367;1.42130;1.42321
H4;2026.10.01 00:00;1.42282;1.42379;1.42230;1.42364
H4;2026.10.01 04:00;1.42363;1.42479;1.42343;1.42477
H4;2026.10.01 08:00;1.42477;1.42500;1.42311;1.42471
H4;2026.10.01 12:00;1.42470;1.42584;1.42379;1.42442
H4;2026.10.01 16:00;1.42442;1.42626;1.42318;1.42490
H4;2026.10.01 20:00;1.42490;1.42517;1.42223;1.42226
H4;2026.10.02 00:00;1.42182;1.42287;1.42168;1.42287
H4;2026.10.02 04:00;1.42287;1.42354;1.42106;1.42133
H4;2026.10.02 08:00;1.42133;1.42364;1.42090;1.42336
H4;2026.10.02 12:00;1.42336;1.42459;1.42019;1.42184
H4;2026.10.02 16:00;1.42184;1.42596;1.42164;1.42569
H4;2026.10.02 20:00;1.42569;1.42612;1.42474;1.42565
H4;2026.10.05 00:00;1.42471;1.42605;1.42471;1.42590
H4;2026.10.05 04:00;1.42590;1.42934;1.42580;1.42840
H4;2026.10.05 08:00;1.42840;1.42861;1.42428;1.42438
H4;2026.10.05 12:00;1.42438;1.42616;1.42374;1.42510
H4;2026.10.05 16:00;1.42510;1.42649;1.42375;1.42555
H4;2026.10.05 20:00;1.42555;1.42634;1.42529;1.42599
H4;2026.10.06 00:00;1.42557;1.42684;1.42468;1.42633
H4;2026.10.06 04:00;1.42630;1.42674;1.42557;1.42659
H4;2026.10.06 08:00;1.42659;1.42850;1.42648;1.42705
H4;2026.10.06 12:00;1.42704;1.42775;1.42399;1.42413
H4;2026.10.06 16:00;1.42413;1.42505;1.42135;1.42217
H4;2026.10.06 20:00;1.42217;1.42222;1.42064;1.42096
H4;2026.10.07 00:00;1.42040;1.42154;1.42040;1.42142
H4;2026.10.07 04:00;1.42142;1.42258;1.42109;1.42254
H4;2026.10.07 08:00;1.42254;1.42324;1.42161;1.42212
H4;2026.10.07 12:00;1.42211;1.42805;1.42184;1.42708
H4;2026.10.07 16:00;1.42710;1.42710;1.42384;1.42556
H4;2026.10.07 20:00;1.42557;1.42636;1.42504;1.42595
H4;2026.10.08 00:00;1.42495;1.42648;1.42447;1.42635
H4;2026.10.08 04:00;1.42635;1.42677;1.42514;1.42622
H4;2026.10.08 08:00;1.42622;1.42701;1.42434;1.42578
H1;2026.09.30 07:00;1.41975;1.41998;1.41966;1.41983
H1;2026.09.30 08:00;1.41983;1.41985;1.41863;1.41879
H1;2026.09.30 09:00;1.41878;1.41890;1.41747;1.41867
H1;2026.09.30 10:00;1.41867;1.41897;1.41755;1.41848
H1;2026.09.30 11:00;1.41848;1.41863;1.41771;1.41786
H1;2026.09.30 12:00;1.41785;1.41874;1.41766;1.41822
H1;2026.09.30 13:00;1.41823;1.41826;1.41765;1.41770
H1;2026.09.30 14:00;1.41771;1.41848;1.41760;1.41846
H1;2026.09.30 15:00;1.41846;1.41886;1.41544;1.41754
H1;2026.09.30 16:00;1.41754;1.41861;1.41702;1.41837
H1;2026.09.30 17:00;1.41836;1.41974;1.41813;1.41970
H1;2026.09.30 18:00;1.41969;1.42120;1.41950;1.42113
H1;2026.09.30 19:00;1.42112;1.42217;1.42111;1.42157
H1;2026.09.30 20:00;1.42155;1.42242;1.42130;1.42229
H1;2026.09.30 21:00;1.42229;1.42291;1.42212;1.42287
H1;2026.09.30 22:00;1.42287;1.42367;1.42287;1.42298
H1;2026.09.30 23:00;1.42297;1.42363;1.42296;1.42321
H1;2026.10.01 00:00;1.42282;1.42326;1.42230;1.42291
H1;2026.10.01 01:00;1.42285;1.42352;1.42283;1.42350
H1;2026.10.01 02:00;1.42350;1.42364;1.42332;1.42359
H1;2026.10.01 03:00;1.42360;1.42379;1.42315;1.42364
H1;2026.10.01 04:00;1.42363;1.42421;1.42343;1.42416
H1;2026.10.01 05:00;1.42416;1.42459;1.42410;1.42448
H1;2026.10.01 06:00;1.42448;1.42467;1.42402;1.42406
H1;2026.10.01 07:00;1.42406;1.42479;1.42373;1.42477
H1;2026.10.01 08:00;1.42477;1.42494;1.42447;1.42473
H1;2026.10.01 09:00;1.42473;1.42500;1.42371;1.42373
H1;2026.10.01 10:00;1.42373;1.42446;1.42311;1.42408
H1;2026.10.01 11:00;1.42408;1.42498;1.42374;1.42471
H1;2026.10.01 12:00;1.42470;1.42577;1.42418;1.42573
H1;2026.10.01 13:00;1.42574;1.42584;1.42389;1.42454
H1;2026.10.01 14:00;1.42455;1.42536;1.42379;1.42400
H1;2026.10.01 15:00;1.42400;1.42521;1.42380;1.42442
H1;2026.10.01 16:00;1.42442;1.42507;1.42318;1.42367
H1;2026.10.01 17:00;1.42372;1.42478;1.42327;1.42440
H1;2026.10.01 18:00;1.42440;1.42626;1.42433;1.42547
H1;2026.10.01 19:00;1.42547;1.42579;1.42449;1.42490
H1;2026.10.01 20:00;1.42490;1.42517;1.42303;1.42415
H1;2026.10.01 21:00;1.42416;1.42457;1.42332;1.42360
H1;2026.10.01 22:00;1.42360;1.42371;1.42223;1.42253
H1;2026.10.01 23:00;1.42253;1.42285;1.42225;1.42226
H1;2026.10.02 00:00;1.42182;1.42208;1.42168;1.42195
H1;2026.10.02 01:00;1.42195;1.42265;1.42176;1.42226
H1;2026.10.02 02:00;1.42226;1.42237;1.42195;1.42205
H1;2026.10.02 03:00;1.42205;1.42287;1.42191;1.42287
H1;2026.10.02 04:00;1.42287;1.42354;1.42274;1.42286
H1;2026.10.02 05:00;1.42286;1.42286;1.42209;1.42210
H1;2026.10.02 06:00;1.42210;1.42223;1.42116;1.42119
H1;2026.10.02 07:00;1.42119;1.42147;1.42106;1.42133
H1;2026.10.02 08:00;1.42133;1.42189;1.42126;1.42176
H1;2026.10.02 09:00;1.42177;1.42225;1.42090;1.42209
H1;2026.10.02 10:00;1.42209;1.42274;1.42178;1.42213
H1;2026.10.02 11:00;1.42213;1.42364;1.42204;1.42336
H1;2026.10.02 12:00;1.42336;1.42386;1.42306;1.42352
H1;2026.10.02 13:00;1.42352;1.42402;1.42325;1.42391
H1;2026.10.02 14:00;1.42391;1.42459;1.42360;1.42371
H1;2026.10.02 15:00;1.42370;1.42446;1.42019;1.42184
H1;2026.10.02 16:00;1.42184;1.42377;1.42164;1.42259
H1;2026.10.02 17:00;1.42258;1.42378;1.42239;1.42335
H1;2026.10.02 18:00;1.42335;1.42590;1.42324;1.42542
H1;2026.10.02 19:00;1.42542;1.42596;1.42527;1.42569
H1;2026.10.02 20:00;1.42569;1.42600;1.42549;1.42552
H1;2026.10.02 21:00;1.42552;1.42596;1.42541;1.42591
H1;2026.10.02 22:00;1.42591;1.42612;1.42503;1.42519
H1;2026.10.02 23:00;1.42518;1.42570;1.42474;1.42565
H1;2026.10.05 00:00;1.42471;1.42523;1.42471;1.42506
H1;2026.10.05 01:00;1.42504;1.42535;1.42488;1.42510
H1;2026.10.05 02:00;1.42510;1.42553;1.42508;1.42541
H1;2026.10.05 03:00;1.42541;1.42605;1.42510;1.42590
H1;2026.10.05 04:00;1.42590;1.42643;1.42580;1.42643
H1;2026.10.05 05:00;1.42642;1.42882;1.42641;1.42872
H1;2026.10.05 06:00;1.42871;1.42901;1.42809;1.42898
H1;2026.10.05 07:00;1.42897;1.42934;1.42837;1.42840
H1;2026.10.05 08:00;1.42840;1.42861;1.42784;1.42789
H1;2026.10.05 09:00;1.42793;1.42824;1.42653;1.42660
H1;2026.10.05 10:00;1.42661;1.42716;1.42558;1.42598
H1;2026.10.05 11:00;1.42598;1.42616;1.42428;1.42438
H1;2026.10.05 12:00;1.42438;1.42492;1.42374;1.42462
H1;2026.10.05 13:00;1.42462;1.42544;1.42442;1.42541
H1;2026.10.05 14:00;1.42541;1.42616;1.42506;1.42593
H1;2026.10.05 15:00;1.42592;1.42594;1.42478;1.42510
H1;2026.10.05 16:00;1.42510;1.42623;1.42501;1.42594
H1;2026.10.05 17:00;1.42592;1.42649;1.42388;1.42432
H1;2026.10.05 18:00;1.42432;1.42505;1.42375;1.42451
H1;2026.10.05 19:00;1.42451;1.42571;1.42450;1.42555
H1;2026.10.05 20:00;1.42555;1.42630;1.42539;1.42566
H1;2026.10.05 21:00;1.42565;1.42607;1.42531;1.42561
H1;2026.10.05 22:00;1.42561;1.42596;1.42529;1.42594
H1;2026.10.05 23:00;1.42594;1.42634;1.42588;1.42599
H1;2026.10.06 00:00;1.42557;1.42557;1.42468;1.42496
H1;2026.10.06 01:00;1.42495;1.42610;1.42495;1.42608
H1;2026.10.06 02:00;1.42608;1.42640;1.42579;1.42638
H1;2026.10.06 03:00;1.42638;1.42684;1.42628;1.42633
H1;2026.10.06 04:00;1.42630;1.42642;1.42557;1.42609
H1;2026.10.06 05:00;1.42609;1.42671;1.42602;1.42654
H1;2026.10.06 06:00;1.42655;1.42674;1.42611;1.42638
H1;2026.10.06 07:00;1.42638;1.42661;1.42627;1.42659
H1;2026.10.06 08:00;1.42659;1.42702;1.42648;1.42688
H1;2026.10.06 09:00;1.42688;1.42817;1.42686;1.42778
H1;2026.10.06 10:00;1.42778;1.42850;1.42660;1.42675
H1;2026.10.06 11:00;1.42675;1.42764;1.42665;1.42705
H1;2026.10.06 12:00;1.42704;1.42760;1.42684;1.42714
H1;2026.10.06 13:00;1.42714;1.42775;1.42659;1.42751
H1;2026.10.06 14:00;1.42751;1.42758;1.42437;1.42503
H1;2026.10.06 15:00;1.42504;1.42545;1.42399;1.42413
H1;2026.10.06 16:00;1.42413;1.42505;1.42299;1.42492
H1;2026.10.06 17:00;1.42491;1.42491;1.42248;1.42263
H1;2026.10.06 18:00;1.42263;1.42287;1.42135;1.42201
H1;2026.10.06 19:00;1.42201;1.42244;1.42166;1.42217
H1;2026.10.06 20:00;1.42217;1.42222;1.42097;1.42105
H1;2026.10.06 21:00;1.42105;1.42124;1.42075;1.42085
H1;2026.10.06 22:00;1.42085;1.42150;1.42064;1.42110
H1;2026.10.06 23:00;1.42108;1.42160;1.42086;1.42096
H1;2026.10.07 00:00;1.42040;1.42068;1.42040;1.42062
H1;2026.10.07 01:00;1.42062;1.42107;1.42058;1.42106
H1;2026.10.07 02:00;1.42106;1.42145;1.42098;1.42131
H1;2026.10.07 03:00;1.42131;1.42154;1.42100;1.42142
H1;2026.10.07 04:00;1.42142;1.42164;1.42109;1.42163
H1;2026.10.07 05:00;1.42164;1.42256;1.42160;1.42235
H1;2026.10.07 06:00;1.42235;1.42237;1.42197;1.42217
H1;2026.10.07 07:00;1.42217;1.42258;1.42213;1.42254
H1;2026.10.07 08:00;1.42254;1.42280;1.42230;1.42246
H1;2026.10.07 09:00;1.42245;1.42252;1.42161;1.42204
H1;2026.10.07 10:00;1.42205;1.42291;1.42192;1.42280
H1;2026.10.07 11:00;1.42280;1.42324;1.42180;1.42212
H1;2026.10.07 12:00;1.42211;1.42279;1.42184;1.42213
H1;2026.10.07 13:00;1.42212;1.42290;1.42196;1.42289
H1;2026.10.07 14:00;1.42289;1.42504;1.42265;1.42448
H1;2026.10.07 15:00;1.42447;1.42805;1.42424;1.42708
H1;2026.10.07 16:00;1.42710;1.42710;1.42550;1.42551
H1;2026.10.07 17:00;1.42548;1.42583;1.42384;1.42479
H1;2026.10.07 18:00;1.42478;1.42611;1.42474;1.42554
H1;2026.10.07 19:00;1.42554;1.42617;1.42540;1.42556
H1;2026.10.07 20:00;1.42557;1.42606;1.42504;1.42559
H1;2026.10.07 21:00;1.42558;1.42588;1.42534;1.42555
H1;2026.10.07 22:00;1.42555;1.42598;1.42527;1.42577
H1;2026.10.07 23:00;1.42577;1.42636;1.42576;1.42595
H1;2026.10.08 00:00;1.42495;1.42568;1.42447;1.42528
H1;2026.10.08 01:00;1.42528;1.42583;1.42528;1.42539
H1;2026.10.08 02:00;1.42539;1.42590;1.42534;1.42589
H1;2026.10.08 03:00;1.42588;1.42648;1.42574;1.42635
H1;2026.10.08 04:00;1.42635;1.42677;1.42536;1.42548
H1;2026.10.08 05:00;1.42548;1.42612;1.42514;1.42611
H1;2026.10.08 06:00;1.42611;1.42654;1.42601;1.42604
H1;2026.10.08 07:00;1.42604;1.42644;1.42598;1.42622
H1;2026.10.08 08:00;1.42622;1.42701;1.42611;1.42686
H1;2026.10.08 09:00;1.42686;1.42695;1.42560;1.42632
H1;2026.10.08 10:00;1.42631;1.42642;1.42458;1.42476
H1;2026.10.08 11:00;1.42476;1.42585;1.42434;1.42578
H1;2026.10.08 12:00;1.42578;1.42652;1.42553;1.42632
M15;2026.10.07 07:00;1.42217;1.42228;1.42213;1.42225
M15;2026.10.07 07:15;1.42225;1.42254;1.42224;1.42245
M15;2026.10.07 07:30;1.42245;1.42256;1.42235;1.42256
M15;2026.10.07 07:45;1.42256;1.42258;1.42233;1.42254
M15;2026.10.07 08:00;1.42254;1.42264;1.42244;1.42264
M15;2026.10.07 08:15;1.42263;1.42274;1.42248;1.42273
M15;2026.10.07 08:30;1.42273;1.42280;1.42240;1.42242
M15;2026.10.07 08:45;1.42242;1.42256;1.42230;1.42246
M15;2026.10.07 09:00;1.42245;1.42252;1.42202;1.42232
M15;2026.10.07 09:15;1.42232;1.42243;1.42220;1.42239
M15;2026.10.07 09:30;1.42240;1.42241;1.42161;1.42211
M15;2026.10.07 09:45;1.42211;1.42222;1.42188;1.42204
M15;2026.10.07 10:00;1.42205;1.42242;1.42204;1.42231
M15;2026.10.07 10:15;1.42231;1.42257;1.42192;1.42213
M15;2026.10.07 10:30;1.42213;1.42242;1.42202;1.42222
M15;2026.10.07 10:45;1.42222;1.42291;1.42213;1.42280
M15;2026.10.07 11:00;1.42280;1.42324;1.42259;1.42293
M15;2026.10.07 11:15;1.42293;1.42307;1.42249;1.42266
M15;2026.10.07 11:30;1.42266;1.42266;1.42219;1.42222
M15;2026.10.07 11:45;1.42223;1.42226;1.42180;1.42212
M15;2026.10.07 12:00;1.42211;1.42221;1.42184;1.42206
M15;2026.10.07 12:15;1.42206;1.42256;1.42195;1.42254
M15;2026.10.07 12:30;1.42254;1.42279;1.42253;1.42255
M15;2026.10.07 12:45;1.42255;1.42262;1.42208;1.42213
M15;2026.10.07 13:00;1.42212;1.42230;1.42200;1.42217
M15;2026.10.07 13:15;1.42216;1.42239;1.42211;1.42220
M15;2026.10.07 13:30;1.42220;1.42255;1.42196;1.42253
M15;2026.10.07 13:45;1.42252;1.42290;1.42247;1.42289
M15;2026.10.07 14:00;1.42289;1.42318;1.42265;1.42265
M15;2026.10.07 14:15;1.42265;1.42330;1.42265;1.42325
M15;2026.10.07 14:30;1.42326;1.42414;1.42319;1.42410
M15;2026.10.07 14:45;1.42410;1.42504;1.42404;1.42448
M15;2026.10.07 15:00;1.42447;1.42560;1.42424;1.42554
M15;2026.10.07 15:15;1.42554;1.42661;1.42548;1.42639
M15;2026.10.07 15:30;1.42639;1.42751;1.42638;1.42740
M15;2026.10.07 15:45;1.42741;1.42805;1.42686;1.42708
M15;2026.10.07 16:00;1.42710;1.42710;1.42588;1.42598
M15;2026.10.07 16:15;1.42599;1.42647;1.42564;1.42600
M15;2026.10.07 16:30;1.42599;1.42631;1.42550;1.42576
M15;2026.10.07 16:45;1.42574;1.42621;1.42551;1.42551
M15;2026.10.07 17:00;1.42548;1.42583;1.42521;1.42559
M15;2026.10.07 17:15;1.42559;1.42570;1.42442;1.42455
M15;2026.10.07 17:30;1.42455;1.42474;1.42384;1.42404
M15;2026.10.07 17:45;1.42404;1.42486;1.42385;1.42479
M15;2026.10.07 18:00;1.42478;1.42579;1.42474;1.42530
M15;2026.10.07 18:15;1.42530;1.42611;1.42527;1.42599
M15;2026.10.07 18:30;1.42599;1.42607;1.42537;1.42564
M15;2026.10.07 18:45;1.42564;1.42608;1.42541;1.42554
M15;2026.10.07 19:00;1.42554;1.42597;1.42540;1.42586
M15;2026.10.07 19:15;1.42586;1.42590;1.42547;1.42553
M15;2026.10.07 19:30;1.42554;1.42617;1.42554;1.42608
M15;2026.10.07 19:45;1.42608;1.42608;1.42550;1.42556
M15;2026.10.07 20:00;1.42557;1.42588;1.42504;1.42507
M15;2026.10.07 20:15;1.42507;1.42574;1.42505;1.42573
M15;2026.10.07 20:30;1.42575;1.42606;1.42564;1.42600
M15;2026.10.07 20:45;1.42599;1.42599;1.42559;1.42559
M15;2026.10.07 21:00;1.42558;1.42588;1.42539;1.42579
M15;2026.10.07 21:15;1.42579;1.42587;1.42559;1.42566
M15;2026.10.07 21:30;1.42566;1.42577;1.42545;1.42559
M15;2026.10.07 21:45;1.42559;1.42559;1.42534;1.42555
M15;2026.10.07 22:00;1.42555;1.42557;1.42527;1.42549
M15;2026.10.07 22:15;1.42549;1.42577;1.42547;1.42575
M15;2026.10.07 22:30;1.42575;1.42598;1.42574;1.42587
M15;2026.10.07 22:45;1.42587;1.42596;1.42573;1.42577
M15;2026.10.07 23:00;1.42577;1.42636;1.42576;1.42615
M15;2026.10.07 23:15;1.42615;1.42617;1.42585;1.42586
M15;2026.10.07 23:30;1.42586;1.42614;1.42583;1.42608
M15;2026.10.07 23:45;1.42608;1.42612;1.42594;1.42595
M15;2026.10.08 00:00;1.42495;1.42535;1.42447;1.42525
M15;2026.10.08 00:15;1.42525;1.42560;1.42525;1.42533
M15;2026.10.08 00:30;1.42534;1.42562;1.42520;1.42546
M15;2026.10.08 00:45;1.42546;1.42568;1.42528;1.42528
M15;2026.10.08 01:00;1.42528;1.42583;1.42528;1.42555
M15;2026.10.08 01:15;1.42555;1.42556;1.42538;1.42539
M15;2026.10.08 01:30;1.42539;1.42556;1.42534;1.42547
M15;2026.10.08 01:45;1.42547;1.42556;1.42537;1.42539
M15;2026.10.08 02:00;1.42539;1.42556;1.42534;1.42547
M15;2026.10.08 02:15;1.42547;1.42562;1.42544;1.42561
M15;2026.10.08 02:30;1.42561;1.42571;1.42542;1.42558
M15;2026.10.08 02:45;1.42558;1.42590;1.42554;1.42589
M15;2026.10.08 03:00;1.42588;1.42618;1.42574;1.42616
M15;2026.10.08 03:15;1.42617;1.42642;1.42617;1.42625
M15;2026.10.08 03:30;1.42625;1.42648;1.42615;1.42641
M15;2026.10.08 03:45;1.42641;1.42641;1.42606;1.42635
M15;2026.10.08 04:00;1.42635;1.42677;1.42632;1.42653
M15;2026.10.08 04:15;1.42654;1.42664;1.42628;1.42655
M15;2026.10.08 04:30;1.42655;1.42667;1.42594;1.42597
M15;2026.10.08 04:45;1.42597;1.42599;1.42536;1.42548
M15;2026.10.08 05:00;1.42548;1.42551;1.42514;1.42529
M15;2026.10.08 05:15;1.42530;1.42559;1.42519;1.42530
M15;2026.10.08 05:30;1.42530;1.42575;1.42529;1.42563
M15;2026.10.08 05:45;1.42563;1.42612;1.42552;1.42611
M15;2026.10.08 06:00;1.42611;1.42649;1.42601;1.42643
M15;2026.10.08 06:15;1.42643;1.42654;1.42629;1.42639
M15;2026.10.08 06:30;1.42639;1.42643;1.42608;1.42611
M15;2026.10.08 06:45;1.42612;1.42619;1.42601;1.42604
M15;2026.10.08 07:00;1.42604;1.42613;1.42598;1.42609
M15;2026.10.08 07:15;1.42609;1.42632;1.42602;1.42628
M15;2026.10.08 07:30;1.42628;1.42644;1.42624;1.42632
M15;2026.10.08 07:45;1.42632;1.42635;1.42612;1.42622
M15;2026.10.08 08:00;1.42622;1.42633;1.42612;1.42624
M15;2026.10.08 08:15;1.42624;1.42631;1.42612;1.42624
M15;2026.10.08 08:30;1.42624;1.42666;1.42611;1.42655
M15;2026.10.08 08:45;1.42655;1.42701;1.42651;1.42686
M15;2026.10.08 09:00;1.42686;1.42695;1.42633;1.42640
M15;2026.10.08 09:15;1.42640;1.42647;1.42575;1.42624
M15;2026.10.08 09:30;1.42624;1.42627;1.42561;1.42575
M15;2026.10.08 09:45;1.42575;1.42636;1.42560;1.42632
M15;2026.10.08 10:00;1.42631;1.42642;1.42521;1.42534
M15;2026.10.08 10:15;1.42534;1.42574;1.42470;1.42471
M15;2026.10.08 10:30;1.42470;1.42531;1.42467;1.42471
M15;2026.10.08 10:45;1.42471;1.42495;1.42458;1.42476
M15;2026.10.08 11:00;1.42476;1.42489;1.42434;1.42459
M15;2026.10.08 11:15;1.42459;1.42480;1.42434;1.42467
M15;2026.10.08 11:30;1.42469;1.42552;1.42449;1.42530
M15;2026.10.08 11:45;1.42530;1.42585;1.42528;1.42578
M15;2026.10.08 12:00;1.42578;1.42624;1.42553;1.42616
M15;2026.10.08 12:15;1.42616;1.42625;1.42579;1.42597
M15;2026.10.08 12:30;1.42597;1.42638;1.42576;1.42634
M15;2026.10.08 12:45;1.42634;1.42652;1.42613;1.42632
