META;USDJPY;utc=2026.10.09 06:22;bid=158.188;ask=158.203;spread_pts=15;digits=3;point=0.0010;server_minus_utc_sec=10799
D1;2026.06.05 00:00;159.925;160.342;159.725;160.249
D1;2026.06.08 00:00;160.160;160.391;159.848;160.172
D1;2026.06.09 00:00;160.133;160.444;160.052;160.361
D1;2026.06.10 00:00;160.316;160.570;160.239;160.567
D1;2026.06.11 00:00;160.466;160.594;159.541;159.947
D1;2026.06.12 00:00;159.899;160.375;159.872;160.197
D1;2026.06.15 00:00;160.119;160.394;159.731;160.350
D1;2026.06.16 00:00;160.306;160.480;160.048;160.471
D1;2026.06.17 00:00;160.378;160.794;160.117;160.656
D1;2026.06.18 00:00;160.637;161.808;160.476;161.393
D1;2026.06.19 00:00;161.326;161.457;160.986;161.284
D1;2026.06.22 00:00;161.223;161.926;161.073;161.608
D1;2026.06.23 00:00;161.501;161.738;161.269;161.575
D1;2026.06.24 00:00;161.483;161.840;161.458;161.805
D1;2026.06.25 00:00;161.737;161.947;161.556;161.799
D1;2026.06.26 00:00;161.754;161.847;161.531;161.759
D1;2026.06.29 00:00;161.720;161.981;161.711;161.948
D1;2026.06.30 00:00;161.922;162.668;161.877;162.579
D1;2026.07.01 00:00;162.489;162.839;162.294;162.599
D1;2026.07.02 00:00;162.552;162.597;160.635;161.117
D1;2026.07.03 00:00;161.068;161.520;160.480;161.363
D1;2026.07.06 00:00;161.278;162.426;161.272;162.090
D1;2026.07.07 00:00;162.047;162.181;161.655;162.113
D1;2026.07.08 00:00;161.973;162.706;161.961;162.634
D1;2026.07.09 00:00;162.542;162.610;162.247;162.388
D1;2026.07.10 00:00;162.352;162.422;161.280;161.730
D1;2026.07.13 00:00;161.699;162.482;161.656;162.454
D1;2026.07.14 00:00;162.389;162.468;161.613;162.257
D1;2026.07.15 00:00;162.192;162.419;161.894;162.188
D1;2026.07.16 00:00;162.154;162.545;161.981;162.364
D1;2026.07.17 00:00;162.389;162.519;162.130;162.397
D1;2026.07.20 00:00;162.413;162.596;162.202;162.498
D1;2026.07.21 00:00;162.450;163.239;162.431;163.210
D1;2026.07.22 00:00;163.167;163.223;162.681;163.155
D1;2026.07.23 00:00;163.079;163.987;162.995;163.854
D1;2026.07.24 00:00;163.799;163.937;163.641;163.859
D1;2026.07.27 00:00;163.575;163.794;163.328;163.743
D1;2026.07.28 00:00;163.677;163.948;163.643;163.850
D1;2026.07.29 00:00;163.756;163.905;163.230;163.428
D1;2026.07.30 00:00;163.316;163.738;157.966;159.580
D1;2026.07.31 00:00;159.479;160.880;157.513;157.655
D1;2026.08.03 00:00;157.145;157.884;155.225;157.173
D1;2026.08.04 00:00;157.150;157.956;157.150;157.727
D1;2026.08.05 00:00;157.742;157.873;157.305;157.763
D1;2026.08.06 00:00;157.726;158.553;157.559;158.472
D1;2026.08.07 00:00;158.426;158.573;156.676;157.792
D1;2026.08.10 00:00;157.658;159.362;157.553;159.303
D1;2026.08.11 00:00;159.230;159.388;158.921;159.297
D1;2026.08.12 00:00;159.274;159.543;158.578;159.428
D1;2026.08.13 00:00;159.397;159.564;159.022;159.511
D1;2026.08.14 00:00;159.456;159.524;158.600;159.324
D1;2026.08.17 00:00;159.273;159.595;158.845;159.466
D1;2026.08.18 00:00;159.446;159.777;159.226;159.621
D1;2026.08.19 00:00;159.565;159.641;158.043;158.152
D1;2026.08.20 00:00;158.136;159.181;158.082;159.074
D1;2026.08.21 00:00;158.987;159.133;158.353;158.979
D1;2026.08.24 00:00;158.971;159.281;158.486;159.094
D1;2026.08.25 00:00;159.025;159.489;159.015;159.198
D1;2026.08.26 00:00;159.219;159.445;158.878;159.305
D1;2026.08.27 00:00;159.245;159.524;159.114;159.408
D1;2026.08.28 00:00;159.310;160.206;159.295;160.096
D1;2026.08.31 00:00;160.012;160.200;159.475;159.742
D1;2026.09.01 00:00;159.721;160.273;159.633;160.193
D1;2026.09.02 00:00;160.125;160.392;158.205;158.725
D1;2026.09.03 00:00;158.641;158.966;155.301;155.810
D1;2026.09.04 00:00;155.816;156.757;155.296;156.247
D1;2026.09.07 00:00;155.961;156.276;154.059;154.360
D1;2026.09.08 00:00;154.303;154.417;152.888;153.988
D1;2026.09.09 00:00;153.870;153.968;152.942;153.539
D1;2026.09.10 00:00;153.477;154.666;153.282;154.487
D1;2026.09.11 00:00;154.353;154.615;153.244;153.492
D1;2026.09.14 00:00;153.552;154.999;153.349;154.340
D1;2026.09.15 00:00;154.303;155.237;154.209;155.107
D1;2026.09.16 00:00;155.042;156.414;154.828;156.294
D1;2026.09.17 00:00;156.194;156.316;155.332;155.965
D1;2026.09.18 00:00;155.937;158.052;155.872;156.867
D1;2026.09.21 00:00;156.813;157.526;156.574;157.376
D1;2026.09.22 00:00;157.304;157.775;156.825;157.380
D1;2026.09.23 00:00;157.339;158.399;157.334;158.332
D1;2026.09.24 00:00;158.264;159.034;157.796;158.843
D1;2026.09.25 00:00;158.820;158.934;156.935;157.323
D1;2026.09.28 00:00;157.212;157.854;156.505;157.376
D1;2026.09.29 00:00;157.376;157.714;156.979;157.274
D1;2026.09.30 00:00;157.289;157.535;156.375;157.409
D1;2026.10.01 00:00;157.407;158.452;157.222;158.081
D1;2026.10.02 00:00;158.087;158.219;156.944;157.838
D1;2026.10.05 00:00;157.816;158.296;157.437;157.915
D1;2026.10.06 00:00;157.864;158.246;157.768;158.118
D1;2026.10.07 00:00;158.105;158.509;157.850;158.090
D1;2026.10.08 00:00;158.020;158.366;157.520;157.897
H4;2026.09.04 08:00;156.323;156.444;156.079;156.414
H4;2026.09.04 12:00;156.415;156.757;155.351;155.689
H4;2026.09.04 16:00;155.690;156.193;155.487;156.004
H4;2026.09.04 20:00;156.006;156.284;156.006;156.247
H4;2026.09.07 00:00;155.961;156.276;155.802;155.887
H4;2026.09.07 04:00;155.881;156.244;155.850;156.048
H4;2026.09.07 08:00;156.048;156.099;154.059;154.466
H4;2026.09.07 12:00;154.470;154.806;154.217;154.487
H4;2026.09.07 16:00;154.488;154.635;154.229;154.294
H4;2026.09.07 20:00;154.291;154.386;154.290;154.360
H4;2026.09.08 00:00;154.303;154.373;153.527;153.790
H4;2026.09.08 04:00;153.790;153.806;152.888;153.469
H4;2026.09.08 08:00;153.469;154.276;153.262;154.171
H4;2026.09.08 12:00;154.172;154.417;153.795;153.802
H4;2026.09.08 16:00;153.801;154.382;153.702;154.274
H4;2026.09.08 20:00;154.266;154.392;153.456;153.988
H4;2026.09.09 00:00;153.870;153.968;153.252;153.571
H4;2026.09.09 04:00;153.571;153.830;153.302;153.462
H4;2026.09.09 08:00;153.459;153.682;152.942;153.649
H4;2026.09.09 12:00;153.649;153.728;153.192;153.337
H4;2026.09.09 16:00;153.330;153.799;153.101;153.576
H4;2026.09.09 20:00;153.576;153.727;153.438;153.539
H4;2026.09.10 00:00;153.477;153.713;153.307;153.706
H4;2026.09.10 04:00;153.706;153.742;153.282;153.472
H4;2026.09.10 08:00;153.472;153.691;153.321;153.627
H4;2026.09.10 12:00;153.630;154.666;153.553;154.351
H4;2026.09.10 16:00;154.352;154.391;153.846;154.274
H4;2026.09.10 20:00;154.274;154.494;154.205;154.487
H4;2026.09.11 00:00;154.353;154.615;154.319;154.502
H4;2026.09.11 04:00;154.502;154.528;154.212;154.346
H4;2026.09.11 08:00;154.346;154.372;153.961;154.103
H4;2026.09.11 12:00;154.103;154.485;153.440;153.466
H4;2026.09.11 16:00;153.466;153.737;153.244;153.711
H4;2026.09.11 20:00;153.711;153.775;153.488;153.492
H4;2026.09.14 00:00;153.552;153.792;153.349;153.650
H4;2026.09.14 04:00;153.652;154.139;153.629;154.024
H4;2026.09.14 08:00;154.023;154.608;153.948;154.556
H4;2026.09.14 12:00;154.557;154.887;154.449;154.860
H4;2026.09.14 16:00;154.860;154.999;154.268;154.317
H4;2026.09.14 20:00;154.315;154.425;153.983;154.340
H4;2026.09.15 00:00;154.303;154.667;154.209;154.667
H4;2026.09.15 04:00;154.665;154.891;154.611;154.736
H4;2026.09.15 08:00;154.735;155.237;154.672;154.996
H4;2026.09.15 12:00;154.996;155.085;154.702;154.966
H4;2026.09.15 16:00;154.967;155.167;154.885;155.067
H4;2026.09.15 20:00;155.067;155.208;155.031;155.107
H4;2026.09.16 00:00;155.042;155.428;155.000;155.366
H4;2026.09.16 04:00;155.365;155.487;155.224;155.305
H4;2026.09.16 08:00;155.302;155.338;154.883;155.109
H4;2026.09.16 12:00;155.109;155.254;154.943;155.219
H4;2026.09.16 16:00;155.222;155.324;154.975;155.114
H4;2026.09.16 20:00;155.114;156.414;154.828;156.294
H4;2026.09.17 00:00;156.194;156.316;155.874;156.205
H4;2026.09.17 04:00;156.205;156.275;156.011;156.024
H4;2026.09.17 08:00;156.024;156.027;155.526;155.764
H4;2026.09.17 12:00;155.764;155.915;155.332;155.580
H4;2026.09.17 16:00;155.581;156.065;155.559;156.054
H4;2026.09.17 20:00;156.054;156.101;155.933;155.965
H4;2026.09.18 00:00;155.937;156.283;155.872;156.177
H4;2026.09.18 04:00;156.175;157.157;156.134;157.131
H4;2026.09.18 08:00;157.133;157.909;156.501;157.790
H4;2026.09.18 12:00;157.789;158.052;157.623;157.706
H4;2026.09.18 16:00;157.706;157.894;156.680;156.793
H4;2026.09.18 20:00;156.793;156.898;156.601;156.867
H4;2026.09.21 00:00;156.813;157.108;156.676;156.865
H4;2026.09.21 04:00;156.866;157.081;156.574;157.018
H4;2026.09.21 08:00;157.018;157.277;156.973;157.243
H4;2026.09.21 12:00;157.243;157.371;157.166;157.331
H4;2026.09.21 16:00;157.332;157.526;157.283;157.422
H4;2026.09.21 20:00;157.422;157.504;157.340;157.376
H4;2026.09.22 00:00;157.304;157.438;157.224;157.352
H4;2026.09.22 04:00;157.352;157.566;157.351;157.460
H4;2026.09.22 08:00;157.460;157.775;156.855;157.171
H4;2026.09.22 12:00;157.171;157.360;156.825;157.300
H4;2026.09.22 16:00;157.301;157.601;157.164;157.459
H4;2026.09.22 20:00;157.460;157.550;157.235;157.380
H4;2026.09.23 00:00;157.339;157.582;157.334;157.582
H4;2026.09.23 04:00;157.582;157.674;157.514;157.594
H4;2026.09.23 08:00;157.594;157.877;157.574;157.876
H4;2026.09.23 12:00;157.877;157.984;157.775;157.885
H4;2026.09.23 16:00;157.884;158.397;157.767;158.364
H4;2026.09.23 20:00;158.363;158.399;158.107;158.332
H4;2026.09.24 00:00;158.264;158.367;157.904;158.064
H4;2026.09.24 04:00;158.064;158.103;157.796;157.888
H4;2026.09.24 08:00;157.888;158.492;157.842;158.490
H4;2026.09.24 12:00;158.492;158.886;158.492;158.687
H4;2026.09.24 16:00;158.687;159.034;158.606;158.806
H4;2026.09.24 20:00;158.805;159.029;158.685;158.843
H4;2026.09.25 00:00;158.820;158.934;158.638;158.651
H4;2026.09.25 04:00;158.650;158.707;158.282;158.417
H4;2026.09.25 08:00;158.417;158.424;157.946;158.125
H4;2026.09.25 12:00;158.125;158.143;157.495;157.507
H4;2026.09.25 16:00;157.506;157.532;156.935;157.203
H4;2026.09.25 20:00;157.203;157.374;157.111;157.323
H4;2026.09.28 00:00;157.212;157.841;157.201;157.799
H4;2026.09.28 04:00;157.800;157.854;157.655;157.760
H4;2026.09.28 08:00;157.761;157.800;156.505;156.904
H4;2026.09.28 12:00;156.905;157.243;156.835;157.159
H4;2026.09.28 16:00;157.159;157.582;156.994;157.307
H4;2026.09.28 20:00;157.311;157.475;157.068;157.376
H4;2026.09.29 00:00;157.376;157.518;157.298;157.350
H4;2026.09.29 04:00;157.350;157.584;157.203;157.540
H4;2026.09.29 08:00;157.541;157.550;157.225;157.367
H4;2026.09.29 12:00;157.366;157.714;156.979;157.346
H4;2026.09.29 16:00;157.346;157.696;157.301;157.462
H4;2026.09.29 20:00;157.461;157.522;157.161;157.274
H4;2026.09.30 00:00;157.289;157.457;157.039;157.121
H4;2026.09.30 04:00;157.119;157.253;156.375;157.142
H4;2026.09.30 08:00;157.147;157.155;156.651;156.966
H4;2026.09.30 12:00;156.974;157.137;156.650;156.857
H4;2026.09.30 16:00;156.855;157.365;156.726;157.271
H4;2026.09.30 20:00;157.271;157.535;157.234;157.409
H4;2026.10.01 00:00;157.407;157.935;157.325;157.915
H4;2026.10.01 04:00;157.914;158.298;157.814;158.275
H4;2026.10.01 08:00;158.275;158.452;158.098;158.378
H4;2026.10.01 12:00;158.378;158.449;157.874;158.021
H4;2026.10.01 16:00;158.021;158.133;157.222;157.823
H4;2026.10.01 20:00;157.825;158.254;157.611;158.081
H4;2026.10.02 00:00;158.087;158.150;157.785;158.134
H4;2026.10.02 04:00;158.134;158.219;157.763;157.861
H4;2026.10.02 08:00;157.861;157.921;157.472;157.553
H4;2026.10.02 12:00;157.553;157.810;156.944;157.167
H4;2026.10.02 16:00;157.166;157.915;157.059;157.856
H4;2026.10.02 20:00;157.856;157.911;157.769;157.838
H4;2026.10.05 00:00;157.816;157.967;157.602;157.725
H4;2026.10.05 04:00;157.725;158.172;157.437;158.101
H4;2026.10.05 08:00;158.101;158.103;157.569;157.852
H4;2026.10.05 12:00;157.852;158.288;157.801;158.265
H4;2026.10.05 16:00;158.262;158.296;157.917;158.092
H4;2026.10.05 20:00;158.101;158.156;157.901;157.915
H4;2026.10.06 00:00;157.864;157.996;157.797;157.810
H4;2026.10.06 04:00;157.807;158.190;157.768;158.144
H4;2026.10.06 08:00;158.146;158.243;158.026;158.204
H4;2026.10.06 12:00;158.205;158.246;157.912;158.109
H4;2026.10.06 16:00;158.107;158.184;157.915;158.157
H4;2026.10.06 20:00;158.158;158.199;158.060;158.118
H4;2026.10.07 00:00;158.105;158.468;158.073;158.417
H4;2026.10.07 04:00;158.416;158.509;158.300;158.423
H4;2026.10.07 08:00;158.423;158.452;157.850;158.181
H4;2026.10.07 12:00;158.181;158.398;158.154;158.204
H4;2026.10.07 16:00;158.204;158.398;157.985;158.030
H4;2026.10.07 20:00;158.029;158.099;157.897;158.090
H4;2026.10.08 00:00;158.020;158.106;157.584;157.845
H4;2026.10.08 04:00;157.845;158.237;157.721;158.231
H4;2026.10.08 08:00;158.230;158.284;158.091;158.244
H4;2026.10.08 12:00;158.245;158.304;158.158;158.229
H4;2026.10.08 16:00;158.228;158.366;157.987;158.005
H4;2026.10.08 20:00;158.005;158.005;157.520;157.897
H4;2026.10.09 00:00;157.842;158.142;157.778;158.026
H4;2026.10.09 04:00;158.025;158.115;157.758;158.099
H1;2026.10.01 03:00;157.559;157.935;157.555;157.915
H1;2026.10.01 04:00;157.914;158.214;157.814;158.147
H1;2026.10.01 05:00;158.147;158.219;158.064;158.114
H1;2026.10.01 06:00;158.115;158.188;158.073;158.109
H1;2026.10.01 07:00;158.109;158.298;158.104;158.275
H1;2026.10.01 08:00;158.275;158.402;158.258;158.381
H1;2026.10.01 09:00;158.380;158.387;158.098;158.150
H1;2026.10.01 10:00;158.150;158.452;158.134;158.389
H1;2026.10.01 11:00;158.389;158.445;158.254;158.378
H1;2026.10.01 12:00;158.378;158.449;158.270;158.354
H1;2026.10.01 13:00;158.354;158.392;158.076;158.126
H1;2026.10.01 14:00;158.126;158.241;157.874;157.945
H1;2026.10.01 15:00;157.945;158.043;157.877;158.021
H1;2026.10.01 16:00;158.021;158.052;157.871;157.918
H1;2026.10.01 17:00;157.918;158.133;157.222;157.740
H1;2026.10.01 18:00;157.740;157.921;157.377;157.633
H1;2026.10.01 19:00;157.633;157.876;157.513;157.823
H1;2026.10.01 20:00;157.825;158.072;157.611;158.072
H1;2026.10.01 21:00;158.071;158.254;158.065;158.114
H1;2026.10.01 22:00;158.112;158.153;157.995;158.126
H1;2026.10.01 23:00;158.126;158.153;158.013;158.081
H1;2026.10.02 00:00;158.087;158.150;158.053;158.061
H1;2026.10.02 01:00;158.061;158.113;158.017;158.023
H1;2026.10.02 02:00;158.024;158.052;157.823;157.939
H1;2026.10.02 03:00;157.938;158.148;157.785;158.134
H1;2026.10.02 04:00;158.134;158.219;158.074;158.076
H1;2026.10.02 05:00;158.077;158.089;157.817;157.968
H1;2026.10.02 06:00;157.968;157.980;157.869;157.879
H1;2026.10.02 07:00;157.879;157.927;157.763;157.861
H1;2026.10.02 08:00;157.861;157.894;157.789;157.826
H1;2026.10.02 09:00;157.826;157.854;157.535;157.824
H1;2026.10.02 10:00;157.826;157.921;157.518;157.588
H1;2026.10.02 11:00;157.589;157.662;157.472;157.553
H1;2026.10.02 12:00;157.553;157.677;157.483;157.566
H1;2026.10.02 13:00;157.566;157.740;157.533;157.710
H1;2026.10.02 14:00;157.710;157.810;157.573;157.684
H1;2026.10.02 15:00;157.689;157.715;156.944;157.167
H1;2026.10.02 16:00;157.166;157.632;157.059;157.484
H1;2026.10.02 17:00;157.484;157.757;157.413;157.661
H1;2026.10.02 18:00;157.662;157.839;157.637;157.805
H1;2026.10.02 19:00;157.805;157.915;157.743;157.856
H1;2026.10.02 20:00;157.856;157.911;157.769;157.815
H1;2026.10.02 21:00;157.811;157.848;157.775;157.801
H1;2026.10.02 22:00;157.801;157.873;157.788;157.827
H1;2026.10.02 23:00;157.827;157.877;157.817;157.838
H1;2026.10.05 00:00;157.816;157.862;157.717;157.822
H1;2026.10.05 01:00;157.832;157.967;157.706;157.761
H1;2026.10.05 02:00;157.761;157.813;157.627;157.747
H1;2026.10.05 03:00;157.747;157.829;157.602;157.725
H1;2026.10.05 04:00;157.725;157.793;157.437;157.595
H1;2026.10.05 05:00;157.596;158.026;157.548;157.997
H1;2026.10.05 06:00;157.997;158.112;157.914;158.112
H1;2026.10.05 07:00;158.112;158.172;158.035;158.101
H1;2026.10.05 08:00;158.101;158.103;157.813;157.845
H1;2026.10.05 09:00;157.845;157.852;157.631;157.656
H1;2026.10.05 10:00;157.656;157.805;157.608;157.663
H1;2026.10.05 11:00;157.663;157.911;157.569;157.852
H1;2026.10.05 12:00;157.852;157.967;157.801;157.938
H1;2026.10.05 13:00;157.937;157.982;157.872;157.915
H1;2026.10.05 14:00;157.915;158.286;157.904;158.209
H1;2026.10.05 15:00;158.208;158.288;158.150;158.265
H1;2026.10.05 16:00;158.262;158.296;158.105;158.139
H1;2026.10.05 17:00;158.142;158.180;157.989;158.004
H1;2026.10.05 18:00;158.002;158.084;157.917;157.974
H1;2026.10.05 19:00;157.975;158.092;157.972;158.092
H1;2026.10.05 20:00;158.101;158.156;158.040;158.041
H1;2026.10.05 21:00;158.041;158.097;157.985;158.005
H1;2026.10.05 22:00;158.004;158.025;157.933;157.966
H1;2026.10.05 23:00;157.965;158.000;157.901;157.915
H1;2026.10.06 00:00;157.864;157.964;157.833;157.902
H1;2026.10.06 01:00;157.906;157.911;157.825;157.904
H1;2026.10.06 02:00;157.905;157.982;157.876;157.961
H1;2026.10.06 03:00;157.961;157.996;157.797;157.810
H1;2026.10.06 04:00;157.807;157.980;157.768;157.896
H1;2026.10.06 05:00;157.897;158.009;157.881;158.001
H1;2026.10.06 06:00;158.003;158.054;157.913;157.965
H1;2026.10.06 07:00;157.965;158.190;157.964;158.144
H1;2026.10.06 08:00;158.146;158.215;158.059;158.073
H1;2026.10.06 09:00;158.073;158.243;158.026;158.138
H1;2026.10.06 10:00;158.139;158.232;158.055;158.107
H1;2026.10.06 11:00;158.109;158.235;158.103;158.204
H1;2026.10.06 12:00;158.205;158.246;158.151;158.225
H1;2026.10.06 13:00;158.225;158.227;158.161;158.200
H1;2026.10.06 14:00;158.200;158.212;157.912;157.996
H1;2026.10.06 15:00;157.996;158.217;157.982;158.109
H1;2026.10.06 16:00;158.107;158.129;157.915;158.101
H1;2026.10.06 17:00;158.101;158.153;158.006;158.058
H1;2026.10.06 18:00;158.058;158.132;158.036;158.124
H1;2026.10.06 19:00;158.124;158.184;158.104;158.157
H1;2026.10.06 20:00;158.158;158.199;158.100;158.102
H1;2026.10.06 21:00;158.102;158.145;158.060;158.121
H1;2026.10.06 22:00;158.124;158.175;158.105;158.170
H1;2026.10.06 23:00;158.170;158.171;158.117;158.118
H1;2026.10.07 00:00;158.105;158.143;158.081;158.101
H1;2026.10.07 01:00;158.101;158.178;158.073;158.172
H1;2026.10.07 02:00;158.172;158.319;158.172;158.306
H1;2026.10.07 03:00;158.309;158.468;158.309;158.417
H1;2026.10.07 04:00;158.416;158.509;158.300;158.379
H1;2026.10.07 05:00;158.380;158.466;158.313;158.436
H1;2026.10.07 06:00;158.436;158.463;158.349;158.424
H1;2026.10.07 07:00;158.424;158.462;158.389;158.423
H1;2026.10.07 08:00;158.423;158.452;158.335;158.352
H1;2026.10.07 09:00;158.352;158.403;158.239;158.304
H1;2026.10.07 10:00;158.303;158.395;158.037;158.105
H1;2026.10.07 11:00;158.104;158.182;157.850;158.181
H1;2026.10.07 12:00;158.181;158.347;158.154;158.338
H1;2026.10.07 13:00;158.338;158.342;158.274;158.319
H1;2026.10.07 14:00;158.319;158.398;158.159;158.197
H1;2026.10.07 15:00;158.197;158.291;158.178;158.204
H1;2026.10.07 16:00;158.204;158.398;158.176;158.176
H1;2026.10.07 17:00;158.175;158.209;158.068;158.092
H1;2026.10.07 18:00;158.092;158.177;158.059;158.108
H1;2026.10.07 19:00;158.108;158.132;157.985;158.030
H1;2026.10.07 20:00;158.029;158.046;157.930;157.952
H1;2026.10.07 21:00;157.951;157.983;157.897;157.958
H1;2026.10.07 22:00;157.958;158.069;157.943;158.046
H1;2026.10.07 23:00;158.043;158.099;158.035;158.090
H1;2026.10.08 00:00;158.020;158.058;158.020;158.035
H1;2026.10.08 01:00;158.035;158.061;157.979;158.005
H1;2026.10.08 02:00;158.005;158.105;157.945;158.097
H1;2026.10.08 03:00;158.098;158.106;157.584;157.845
H1;2026.10.08 04:00;157.845;157.898;157.721;157.805
H1;2026.10.08 05:00;157.805;158.202;157.745;158.163
H1;2026.10.08 06:00;158.163;158.222;158.116;158.122
H1;2026.10.08 07:00;158.122;158.237;158.112;158.231
H1;2026.10.08 08:00;158.230;158.284;158.167;158.212
H1;2026.10.08 09:00;158.212;158.229;158.091;158.214
H1;2026.10.08 10:00;158.214;158.266;158.101;158.186
H1;2026.10.08 11:00;158.186;158.263;158.144;158.244
H1;2026.10.08 12:00;158.245;158.297;158.193;158.277
H1;2026.10.08 13:00;158.277;158.304;158.202;158.236
H1;2026.10.08 14:00;158.237;158.297;158.223;158.282
H1;2026.10.08 15:00;158.282;158.293;158.158;158.229
H1;2026.10.08 16:00;158.228;158.244;158.110;158.128
H1;2026.10.08 17:00;158.128;158.210;158.049;158.205
H1;2026.10.08 18:00;158.206;158.366;158.202;158.331
H1;2026.10.08 19:00;158.334;158.335;157.987;158.005
H1;2026.10.08 20:00;158.005;158.005;157.520;157.725
H1;2026.10.08 21:00;157.725;157.959;157.705;157.854
H1;2026.10.08 22:00;157.857;157.901;157.803;157.868
H1;2026.10.08 23:00;157.868;157.933;157.837;157.897
H1;2026.10.09 00:00;157.842;157.866;157.778;157.794
H1;2026.10.09 01:00;157.794;157.884;157.787;157.883
H1;2026.10.09 02:00;157.883;158.122;157.881;158.052
H1;2026.10.09 03:00;158.050;158.142;157.982;158.026
H1;2026.10.09 04:00;158.025;158.046;157.758;157.859
H1;2026.10.09 05:00;157.860;158.112;157.844;158.068
H1;2026.10.09 06:00;158.068;158.088;157.985;158.050
H1;2026.10.09 07:00;158.050;158.115;158.006;158.099
H1;2026.10.09 08:00;158.099;158.188;158.025;158.158
M15;2026.10.08 03:15;157.910;157.970;157.802;157.854
M15;2026.10.08 03:30;157.854;157.862;157.707;157.724
M15;2026.10.08 03:45;157.722;157.880;157.584;157.845
M15;2026.10.08 04:00;157.845;157.898;157.721;157.769
M15;2026.10.08 04:15;157.769;157.862;157.759;157.829
M15;2026.10.08 04:30;157.829;157.884;157.800;157.820
M15;2026.10.08 04:45;157.819;157.859;157.783;157.805
M15;2026.10.08 05:00;157.805;157.830;157.745;157.785
M15;2026.10.08 05:15;157.786;157.908;157.777;157.902
M15;2026.10.08 05:30;157.902;158.071;157.900;158.036
M15;2026.10.08 05:45;158.037;158.202;158.030;158.163
M15;2026.10.08 06:00;158.163;158.222;158.136;158.199
M15;2026.10.08 06:15;158.199;158.208;158.163;158.206
M15;2026.10.08 06:30;158.207;158.220;158.139;158.150
M15;2026.10.08 06:45;158.150;158.165;158.116;158.122
M15;2026.10.08 07:00;158.122;158.188;158.112;158.175
M15;2026.10.08 07:15;158.175;158.200;158.154;158.198
M15;2026.10.08 07:30;158.198;158.220;158.160;158.188
M15;2026.10.08 07:45;158.188;158.237;158.187;158.231
M15;2026.10.08 08:00;158.230;158.245;158.174;158.188
M15;2026.10.08 08:15;158.188;158.228;158.167;158.215
M15;2026.10.08 08:30;158.214;158.280;158.204;158.263
M15;2026.10.08 08:45;158.263;158.284;158.168;158.212
M15;2026.10.08 09:00;158.212;158.212;158.155;158.188
M15;2026.10.08 09:15;158.188;158.192;158.091;158.144
M15;2026.10.08 09:30;158.144;158.194;158.122;158.193
M15;2026.10.08 09:45;158.193;158.229;158.180;158.214
M15;2026.10.08 10:00;158.214;158.226;158.101;158.138
M15;2026.10.08 10:15;158.138;158.194;158.138;158.191
M15;2026.10.08 10:30;158.191;158.266;158.185;158.189
M15;2026.10.08 10:45;158.189;158.245;158.165;158.186
M15;2026.10.08 11:00;158.186;158.195;158.144;158.161
M15;2026.10.08 11:15;158.161;158.206;158.146;158.194
M15;2026.10.08 11:30;158.194;158.227;158.161;158.222
M15;2026.10.08 11:45;158.218;158.263;158.217;158.244
M15;2026.10.08 12:00;158.245;158.246;158.203;158.227
M15;2026.10.08 12:15;158.228;158.233;158.206;158.217
M15;2026.10.08 12:30;158.217;158.254;158.193;158.248
M15;2026.10.08 12:45;158.248;158.297;158.233;158.277
M15;2026.10.08 13:00;158.277;158.304;158.238;158.266
M15;2026.10.08 13:15;158.266;158.268;158.202;158.211
M15;2026.10.08 13:30;158.211;158.272;158.209;158.245
M15;2026.10.08 13:45;158.245;158.250;158.229;158.236
M15;2026.10.08 14:00;158.237;158.297;158.234;158.278
M15;2026.10.08 14:15;158.278;158.293;158.243;158.279
M15;2026.10.08 14:30;158.278;158.294;158.223;158.238
M15;2026.10.08 14:45;158.238;158.292;158.230;158.282
M15;2026.10.08 15:00;158.282;158.293;158.228;158.239
M15;2026.10.08 15:15;158.239;158.277;158.161;158.161
M15;2026.10.08 15:30;158.160;158.229;158.158;158.228
M15;2026.10.08 15:45;158.227;158.242;158.208;158.229
M15;2026.10.08 16:00;158.228;158.244;158.168;158.200
M15;2026.10.08 16:15;158.200;158.215;158.158;158.169
M15;2026.10.08 16:30;158.168;158.199;158.127;158.176
M15;2026.10.08 16:45;158.176;158.191;158.110;158.128
M15;2026.10.08 17:00;158.128;158.165;158.111;158.127
M15;2026.10.08 17:15;158.127;158.152;158.056;158.066
M15;2026.10.08 17:30;158.065;158.142;158.049;158.141
M15;2026.10.08 17:45;158.141;158.210;158.134;158.205
M15;2026.10.08 18:00;158.206;158.242;158.202;158.239
M15;2026.10.08 18:15;158.239;158.299;158.229;158.274
M15;2026.10.08 18:30;158.273;158.289;158.222;158.262
M15;2026.10.08 18:45;158.262;158.366;158.252;158.331
M15;2026.10.08 19:00;158.334;158.335;158.271;158.285
M15;2026.10.08 19:15;158.285;158.299;158.143;158.181
M15;2026.10.08 19:30;158.184;158.196;158.101;158.116
M15;2026.10.08 19:45;158.116;158.147;157.987;158.005
M15;2026.10.08 20:00;158.005;158.005;157.798;157.834
M15;2026.10.08 20:15;157.834;157.847;157.520;157.573
M15;2026.10.08 20:30;157.572;157.713;157.559;157.670
M15;2026.10.08 20:45;157.670;157.757;157.670;157.725
M15;2026.10.08 21:00;157.725;157.921;157.705;157.920
M15;2026.10.08 21:15;157.920;157.959;157.881;157.922
M15;2026.10.08 21:30;157.923;157.925;157.868;157.869
M15;2026.10.08 21:45;157.868;157.877;157.800;157.854
M15;2026.10.08 22:00;157.857;157.865;157.803;157.806
M15;2026.10.08 22:15;157.806;157.860;157.805;157.860
M15;2026.10.08 22:30;157.860;157.901;157.855;157.883
M15;2026.10.08 22:45;157.882;157.894;157.827;157.868
M15;2026.10.08 23:00;157.868;157.909;157.839;157.859
M15;2026.10.08 23:15;157.859;157.918;157.837;157.915
M15;2026.10.08 23:30;157.916;157.933;157.889;157.911
M15;2026.10.08 23:45;157.914;157.924;157.873;157.897
M15;2026.10.09 00:00;157.842;157.842;157.842;157.842
M15;2026.10.09 00:15;157.842;157.843;157.790;157.801
M15;2026.10.09 00:30;157.801;157.866;157.778;157.794
M15;2026.10.09 00:45;157.794;157.812;157.785;157.794
M15;2026.10.09 01:00;157.794;157.859;157.787;157.858
M15;2026.10.09 01:15;157.858;157.871;157.847;157.856
M15;2026.10.09 01:30;157.856;157.877;157.855;157.871
M15;2026.10.09 01:45;157.871;157.884;157.844;157.883
M15;2026.10.09 02:00;157.883;157.966;157.881;157.948
M15;2026.10.09 02:15;157.948;158.029;157.929;158.009
M15;2026.10.09 02:30;158.009;158.122;158.009;158.080
M15;2026.10.09 02:45;158.080;158.080;158.030;158.052
M15;2026.10.09 03:00;158.050;158.114;157.982;158.051
M15;2026.10.09 03:15;158.051;158.120;158.015;158.071
M15;2026.10.09 03:30;158.072;158.117;158.023;158.093
M15;2026.10.09 03:45;158.093;158.142;158.012;158.026
M15;2026.10.09 04:00;158.025;158.046;157.874;157.893
M15;2026.10.09 04:15;157.893;157.933;157.802;157.803
M15;2026.10.09 04:30;157.803;157.881;157.758;157.770
M15;2026.10.09 04:45;157.770;157.869;157.762;157.859
M15;2026.10.09 05:00;157.860;157.973;157.844;157.964
M15;2026.10.09 05:15;157.964;158.042;157.942;158.024
M15;2026.10.09 05:30;158.024;158.099;157.998;158.079
M15;2026.10.09 05:45;158.079;158.112;158.051;158.068
M15;2026.10.09 06:00;158.068;158.088;157.985;158.010
M15;2026.10.09 06:15;158.010;158.047;158.009;158.045
M15;2026.10.09 06:30;158.045;158.069;158.018;158.067
M15;2026.10.09 06:45;158.067;158.074;158.035;158.050
M15;2026.10.09 07:00;158.050;158.058;158.006;158.037
M15;2026.10.09 07:15;158.037;158.115;158.024;158.081
M15;2026.10.09 07:30;158.081;158.111;158.044;158.095
M15;2026.10.09 07:45;158.095;158.111;158.068;158.099
M15;2026.10.09 08:00;158.099;158.110;158.068;158.093
M15;2026.10.09 08:15;158.093;158.094;158.057;158.074
M15;2026.10.09 08:30;158.076;158.104;158.025;158.037
M15;2026.10.09 08:45;158.037;158.188;158.026;158.158
M15;2026.10.09 09:00;158.158;158.199;158.122;158.169
